Workbook

Sheet Home
B1: Press the button below before pasting anything
E8: 1. To start with complete a "Key Item" Stock Count, specifically counting the items that you need to order today, do not tick boxes of any other items. 2. If you have any red variances, go and double check your count to see if you have missed anything | Q8: 3. Once you have completed the stock count, head into "Reports" > "Report Selection" > "Supply Chain". From there you can select 2 reports 4. The first "Items On Hand" will require you to select tomorrow as the start date, then you can download it as "Excel Data Only" before pasting all the data into the "STOCK ON HAND" tab. 5. For the "Items On Order" report you will need to select Monday last week as the start date and Sunday 2 weeks from now as the End date, then download as "Excel Data Only", copy all that data into the "STOCK ON ORDER" tab
F36: ^This will be updated with Spot Count when available^ | M36: Once you have followed steps 1-5 all the numbers for your stock counts should be filled in, follow them!

Sheet WEEKLY PREP GUIDES
B1: ITEM NAME | C1: MONDAY | E1: TUESDAY | G1: WEDNESDAY | I1: THURSDAY | K1: FRIDAY | M1: SATURDAY | O1: SUNDAY | R1: DAILY AVG
B2: TOSTADA | C2: {=INDEX('AC and RGM only'!$N$1:$T$150, MATCH(TRUE, ISNUMBER(SEARCH($B$2, 'AC and RGM only'!$L$1:$L$150)), 0), MATCH(TRUE, ISNUMBER(SEARCH(C$1, 'AC and RGM only'!$D$2:$J$2)), 0))} -> 57 | E2: {=INDEX('AC and RGM only'!$N$1:$T$150, MATCH(TRUE, ISNUMBER(SEARCH($B$2, 'AC and RGM only'!$L$1:$L$150)), 0), MATCH(TRUE, ISNUMBER(SEARCH(E$1, 'AC and RGM only'!$D$2:$J$2)), 0))} -> 81 | G2: {=INDEX('AC and RGM only'!$N$1:$T$150, MATCH(TRUE, ISNUMBER(SEARCH($B$2, 'AC and RGM only'!$L$1:$L$150)), 0), MATCH(TRUE, ISNUMBER(SEARCH(G$1, 'AC and RGM only'!$D$2:$J$2)), 0))} -> 78 | I2: {=INDEX('AC and RGM only'!$N$1:$T$150, MATCH(TRUE, ISNUMBER(SEARCH($B$2, 'AC and RGM only'!$L$1:$L$150)), 0), MATCH(TRUE, ISNUMBER(SEARCH(I$1, 'AC and RGM only'!$D$2:$J$2)), 0))} -> 99 | K2: {=INDEX('AC and RGM only'!$N$1:$T$150, MATCH(TRUE, ISNUMBER(SEARCH($B$2, 'AC and RGM only'!$L$1:$L$150)), 0), MATCH(TRUE, ISNUMBER(SEARCH(K$1, 'AC and RGM only'!$D$2:$J$2)), 0))} -> 175 | M2: {=INDEX('AC and RGM only'!$N$1:$T$150, MATCH(TRUE, ISNUMBER(SEARCH($B$2, 'AC and RGM only'!$L$1:$L$150)), 0), MATCH(TRUE, ISNUMBER(SEARCH(M$1, 'AC and RGM only'!$D$2:$J$2)), 0))} -> 147 | O2: {=INDEX('AC and RGM only'!$N$1:$T$150, MATCH(TRUE, ISNUMBER(SEARCH($B$2, 'AC and RGM only'!$L$1:$L$150)), 0), MATCH(TRUE, ISNUMBER(SEARCH(O$1, 'AC and RGM only'!$D$2:$J$2)), 0))} -> 138 | R2: =AVERAGE(C2:O2) -> 110.71429
B3: TACO | C3: {=INDEX('AC and RGM only'!$N$1:$T$150, MATCH(TRUE, ISNUMBER(SEARCH($B$3, 'AC and RGM only'!$L$1:$L$150)), 0), MATCH(TRUE, ISNUMBER(SEARCH(C$1, 'AC and RGM only'!$D$2:$J$2)), 0))} -> 121 | E3: {=INDEX('AC and RGM only'!$N$1:$T$150, MATCH(TRUE, ISNUMBER(SEARCH($B$3, 'AC and RGM only'!$L$1:$L$150)), 0), MATCH(TRUE, ISNUMBER(SEARCH(E$1, 'AC and RGM only'!$D$2:$J$2)), 0))} -> 141 | G3: {=INDEX('AC and RGM only'!$N$1:$T$150, MATCH(TRUE, ISNUMBER(SEARCH($B$3, 'AC and RGM only'!$L$1:$L$150)), 0), MATCH(TRUE, ISNUMBER(SEARCH(G$1, 'AC and RGM only'!$D$2:$J$2)), 0))} -> 164 | I3: {=INDEX('AC and RGM only'!$N$1:$T$150, MATCH(TRUE, ISNUMBER(SEARCH($B$3, 'AC and RGM only'!$L$1:$L$150)), 0), MATCH(TRUE, ISNUMBER(SEARCH(I$1, 'AC and RGM only'!$D$2:$J$2)), 0))} -> 203 | K3: {=INDEX('AC and RGM only'!$N$1:$T$150, MATCH(TRUE, ISNUMBER(SEARCH($B$3, 'AC and RGM only'!$L$1:$L$150)), 0), MATCH(TRUE, ISNUMBER(SEARCH(K$1, 'AC and RGM only'!$D$2:$J$2)), 0))} -> 277 | M3: {=INDEX('AC and RGM only'!$N$1:$T$150, MATCH(TRUE, ISNUMBER(SEARCH($B$3, 'AC and RGM only'!$L$1:$L$150)), 0), MATCH(TRUE, ISNUMBER(SEARCH(M$1, 'AC and RGM only'!$D$2:$J$2)), 0))} -> 259 | O3: {=INDEX('AC and RGM only'!$N$1:$T$150, MATCH(TRUE, ISNUMBER(SEARCH($B$3, 'AC and RGM only'!$L$1:$L$150)), 0), MATCH(TRUE, ISNUMBER(SEARCH(O$1, 'AC and RGM only'!$D$2:$J$2)), 0))} -> 229 | R3: =AVERAGE(C3:O3) -> 199.14286
B4: CINNAMON TWISTS | C4: {=INDEX('AC and RGM only'!$N$1:$T$150, MATCH(TRUE, ISNUMBER(SEARCH($B$4, 'AC and RGM only'!$L$1:$L$150)), 0), MATCH(TRUE, ISNUMBER(SEARCH(C$1, 'AC and RGM only'!$D$2:$J$2)), 0))} -> 0.01 | E4: {=INDEX('AC and RGM only'!$N$1:$T$150, MATCH(TRUE, ISNUMBER(SEARCH($B$4, 'AC and RGM only'!$L$1:$L$150)), 0), MATCH(TRUE, ISNUMBER(SEARCH(E$1, 'AC and RGM only'!$D$2:$J$2)), 0))} -> 0.02 | G4: {=INDEX('AC and RGM only'!$N$1:$T$150, MATCH(TRUE, ISNUMBER(SEARCH($B$4, 'AC and RGM only'!$L$1:$L$150)), 0), MATCH(TRUE, ISNUMBER(SEARCH(G$1, 'AC and RGM only'!$D$2:$J$2)), 0))} -> 0.01 | I4: {=INDEX('AC and RGM only'!$N$1:$T$150, MATCH(TRUE, ISNUMBER(SEARCH($B$4, 'AC and RGM only'!$L$1:$L$150)), 0), MATCH(TRUE, ISNUMBER(SEARCH(I$1, 'AC and RGM only'!$D$2:$J$2)), 0))} -> 0 | K4: {=INDEX('AC and RGM only'!$N$1:$T$150, MATCH(TRUE, ISNUMBER(SEARCH($B$4, 'AC and RGM only'!$L$1:$L$150)), 0), MATCH(TRUE, ISNUMBER(SEARCH(K$1, 'AC and RGM only'!$D$2:$J$2)), 0))} -> 0.01 | M4: {=INDEX('AC and RGM only'!$N$1:$T$150, MATCH(TRUE, ISNUMBER(SEARCH($B$4, 'AC and RGM only'!$L$1:$L$150)), 0), MATCH(TRUE, ISNUMBER(SEARCH(M$1, 'AC and RGM only'!$D$2:$J$2)), 0))} -> 0 | O4: {=INDEX('AC and RGM only'!$N$1:$T$150, MATCH(TRUE, ISNUMBER(SEARCH($B$4, 'AC and RGM only'!$L$1:$L$150)), 0), MATCH(TRUE, ISNUMBER(SEARCH(O$1, 'AC and RGM only'!$D$2:$J$2)), 0))} -> 0 | R4: =AVERAGE(C4:O4) -> 0.0071428571
B5: CHIP NACHO CORN | C5: {=INDEX('AC and RGM only'!$N$1:$T$150, MATCH(TRUE, ISNUMBER(SEARCH($B$5, 'AC and RGM only'!$L$1:$L$150)), 0), MATCH(TRUE, ISNUMBER(SEARCH(C$1, 'AC and RGM only'!$D$2:$J$2)), 0))} -> 0.34 | E5: {=INDEX('AC and RGM only'!$N$1:$T$150, MATCH(TRUE, ISNUMBER(SEARCH($B$5, 'AC and RGM only'!$L$1:$L$150)), 0), MATCH(TRUE, ISNUMBER(SEARCH(E$1, 'AC and RGM only'!$D$2:$J$2)), 0))} -> 0.48 | G5: {=INDEX('AC and RGM only'!$N$1:$T$150, MATCH(TRUE, ISNUMBER(SEARCH($B$5, 'AC and RGM only'!$L$1:$L$150)), 0), MATCH(TRUE, ISNUMBER(SEARCH(G$1, 'AC and RGM only'!$D$2:$J$2)), 0))} -> 0.37 | I5: {=INDEX('AC and RGM only'!$N$1:$T$150, MATCH(TRUE, ISNUMBER(SEARCH($B$5, 'AC and RGM only'!$L$1:$L$150)), 0), MATCH(TRUE, ISNUMBER(SEARCH(I$1, 'AC and RGM only'!$D$2:$J$2)), 0))} -> 0.51 | K5: {=INDEX('AC and RGM only'!$N$1:$T$150, MATCH(TRUE, ISNUMBER(SEARCH($B$5, 'AC and RGM only'!$L$1:$L$150)), 0), MATCH(TRUE, ISNUMBER(SEARCH(K$1, 'AC and RGM only'!$D$2:$J$2)), 0))} -> 0.93 | M5: {=INDEX('AC and RGM only'!$N$1:$T$150, MATCH(TRUE, ISNUMBER(SEARCH($B$5, 'AC and RGM only'!$L$1:$L$150)), 0), MATCH(TRUE, ISNUMBER(SEARCH(M$1, 'AC and RGM only'!$D$2:$J$2)), 0))} -> 0.99 | O5: {=INDEX('AC and RGM only'!$N$1:$T$150, MATCH(TRUE, ISNUMBER(SEARCH($B$5, 'AC and RGM only'!$L$1:$L$150)), 0), MATCH(TRUE, ISNUMBER(SEARCH(O$1, 'AC and RGM only'!$D$2:$J$2)), 0))} -> 1 | R5: =AVERAGE(C5:O5) -> 0.66
B7: ITEM NAME | C7: # OF BAGS | D7: # OF TRAYS | E7: # OF BAGS | F7: # OF TRAYS | G7: # OF BAGS | H7: # OF TRAYS | I7: # OF BAGS | J7: # OF TRAYS | K7: # OF BAGS | L7: # OF TRAYS | M7: # OF BAGS | N7: # OF TRAYS | O7: # OF BAGS | P7: # OF TRAYS | R7: QUICK GUIDE
B8: TOSTADAS | C8: =SUM(C2:E2)/36 -> 3.8333333 | D8: =ROUNDUP(C8/$T$10,0) -> 2 | E8: =SUM(E2:G2)/36 -> 4.4166667 | F8: =ROUNDUP(E8/$T$10,0) -> 2 | G8: =SUM(G2:I2)/36 -> 4.9166667 | H8: =ROUNDUP(G8/$T$10,0) -> 2 | I8: =SUM(I2:K2)/36 -> 7.6111111 | J8: =ROUNDUP(I8/$T$10,0) -> 3 | K8: =SUM(K2+M2)/36 -> 8.9444444 | L8: =ROUNDUP(K8/$T$10,0) -> 3 | M8: =SUM(M2+O2)/36 -> 7.9166667 | N8: =ROUNDUP(M8/$T$10,0) -> 3 | O8: =SUM(O2+C2)/36 -> 5.4166667 | P8: =ROUNDUP(O8/$T$10,0) -> 2 | R8: CINNAMON TWISTS | S8: 2 REDS CUP = 1 TRAY
B9: TACOS | C9: =SUM(C3:E3)/36 -> 7.2777778 | D9: =ROUNDUP(C9/$T$11,0) -> 3 | E9: =SUM(E3:G3)/36 -> 8.4722222 | F9: =ROUNDUP(E9/$T$11,0) -> 3 | G9: =SUM(G3:I3)/36 -> 10.194444 | H9: =ROUNDUP(G9/$T$11,0) -> 4 | I9: =SUM(I3:K3)/36 -> 13.333333 | J9: =ROUNDUP(I9/$T$11,0) -> 5 | K9: =SUM(K3+M3)/36 -> 14.888889 | L9: =ROUNDUP(K9/$T$11,0) -> 5 | M9: =SUM(M3+O3)/36 -> 13.555556 | N9: =ROUNDUP(M9/$T$11,0) -> 5 | O9: =SUM(O3+C3)/36 -> 9.7222222 | P9: =ROUNDUP(O9/$T$11,0) -> 4 | R9: NACHO CHIPS | S9: 1 BOX = 1.5 LARGE TUBS
B10: CINNAMON TWISTS | C10: {=_xlfn.LET( _xlpm.GRAMSOFTWIST,C4, _xlpm.GRAMSPERCUP,10, _xlpm.GRAMSOFTWIST*_xlpm.GRAMSPERCUP)} -> 0.1 | D10: =C10/0.15 -> 0.66666667 | E10: {=_xlfn.LET( _xlpm.GRAMSOFTWIST,E4, _xlpm.GRAMSPERCUP,10, _xlpm.GRAMSOFTWIST*_xlpm.GRAMSPERCUP)} -> 0.2 | F10: =E10/0.15 -> 1.3333333 | G10: {=_xlfn.LET( _xlpm.GRAMSOFTWIST,G4, _xlpm.GRAMSPERCUP,10, _xlpm.GRAMSOFTWIST*_xlpm.GRAMSPERCUP)} -> 0.1 | H10: =G10/0.15 -> 0.66666667 | I10: {=_xlfn.LET( _xlpm.GRAMSOFTWIST,I4, _xlpm.GRAMSPERCUP,10, _xlpm.GRAMSOFTWIST*_xlpm.GRAMSPERCUP)} -> 0 | J10: =I10/0.15 -> 0 | K10: {=_xlfn.LET( _xlpm.GRAMSOFTWIST,K4, _xlpm.GRAMSPERCUP,10, _xlpm.GRAMSOFTWIST*_xlpm.GRAMSPERCUP)} -> 0.1 | L10: =K10/0.15 -> 0.66666667 | M10: {=_xlfn.LET( _xlpm.GRAMSOFTWIST,M4, _xlpm.GRAMSPERCUP,10, _xlpm.GRAMSOFTWIST*_xlpm.GRAMSPERCUP)} -> 0 | N10: =M10/0.15 -> 0 | O10: {=_xlfn.LET( _xlpm.GRAMSOFTWIST,O4, _xlpm.GRAMSPERCUP,10, _xlpm.GRAMSOFTWIST*_xlpm.GRAMSPERCUP)} -> 0 | P10: =O10/0.15 -> 0 | R10: TOSTADAS | S10: Bags Per Tray | T10: 3
B11: NACHOS | C11: =SUM(C5:E5) -> 0.82 | E11: =SUM(E5:G5) -> 0.85 | G11: =SUM(G5:I5) -> 0.88 | I11: =SUM(I5:K5) -> 1.44 | K11: =SUM(K5+M5) -> 1.92 | M11: =SUM(M5+O5) -> 1.99 | O11: =SUM(O5+C5) -> 1.34 | R11: TACOS | S11: Bags Per Tray | T11: 3
E14: WEEKLY FRY PREP BUILD TOS | O14: Data Range:
O15: =TRIM(RIGHT(SUBSTITUTE('AC and RGM only'!D2,CHAR(10),REPT(" ",100)),100)) & " to " & TRIM(RIGHT(SUBSTITUTE('AC and RGM only'!J2,CHAR(10),REPT(" ",100)),100)) -> 14-May-26 to 20-May-26
C17: MONDAY | H17: TUESDAY | M17: WEDNESDAY
C18: ITEM | E18: AMOUNT | H18: ITEM | J18: AMOUNT | M18: ITEM | O18: AMOUNT
C19: TOSTADAS | E19: =D8 & " TRAYS" -> 2 TRAYS | H19: TOSTADAS | J19: =F8 & " TRAYS" -> 2 TRAYS | M19: TOSTADAS | O19: =H8 & " TRAYS" -> 2 TRAYS
C20: TACOS | E20: =D9 & " TRAYS" -> 3 TRAYS | H20: TACOS | J20: =F9 & " TRAYS" -> 3 TRAYS | M20: TACOS | O20: =H9 & " TRAYS" -> 4 TRAYS
C21: CINNAMON TWISTS | E21: =ROUNDUP(D10,0) & " RED CUPS" -> 1 RED CUPS | H21: CINNAMON TWISTS | J21: =ROUNDUP(F10,0) & " RED CUPS" -> 2 RED CUPS | M21: CINNAMON TWISTS | O21: =ROUNDUP(H10,0) & " RED CUPS" -> 1 RED CUPS
C22: NACHOS | E22: =_xlfn.LET(_xlpm.NumberOfBoxes,C11, _xlpm.NumberOfTubsPerBox,1.5, _xlpm.RoundTo,0.5, MROUND(_xlpm.NumberOfBoxes*_xlpm.NumberOfTubsPerBox,_xlpm.RoundTo)&" TUBS") -> 1 TUBS | H22: NACHOS | J22: =_xlfn.LET(_xlpm.NumberOfBoxes,E11, _xlpm.NumberOfTubsPerBox,1.5, _xlpm.RoundTo,0.5, MROUND(_xlpm.NumberOfBoxes*_xlpm.NumberOfTubsPerBox,_xlpm.RoundTo)&" TUBS") -> 1.5 TUBS | M22: NACHOS | O22: =_xlfn.LET(_xlpm.NumberOfBoxes,G11, _xlpm.NumberOfTubsPerBox,1.5, _xlpm.RoundTo,0.5, MROUND(_xlpm.NumberOfBoxes*_xlpm.NumberOfTubsPerBox,_xlpm.RoundTo)&" TUBS") -> 1.5 TUBS
C24: THURSDAY | H24: FRIDAY | M24: SATURDAY
C25: ITEM | E25: AMOUNT | H25: ITEM | J25: AMOUNT | M25: ITEM | O25: AMOUNT
C26: TOSTADAS | E26: =J8 & " TRAYS" -> 3 TRAYS | H26: TOSTADAS | J26: =L8 & " TRAYS" -> 3 TRAYS | M26: TOSTADAS | O26: =N8 & " TRAYS" -> 3 TRAYS
C27: TACOS | E27: =J9 & " TRAYS" -> 5 TRAYS | H27: TACOS | J27: =L9 & " TRAYS" -> 5 TRAYS | M27: TACOS | O27: =N9 & " TRAYS" -> 5 TRAYS
C28: CINNAMON TWISTS | E28: =ROUNDUP(J10,0) & " RED CUPS" -> 0 RED CUPS | H28: CINNAMON TWISTS | J28: =ROUNDUP(L10,0) & " RED CUPS" -> 1 RED CUPS | M28: CINNAMON TWISTS | O28: =ROUNDUP(N10,0) & " RED CUPS" -> 0 RED CUPS
C29: NACHOS | E29: =_xlfn.LET(_xlpm.NumberOfBoxes,I11, _xlpm.NumberOfTubsPerBox,1.5, _xlpm.RoundTo,0.5, MROUND(_xlpm.NumberOfBoxes*_xlpm.NumberOfTubsPerBox,_xlpm.RoundTo)&" TUBS") -> 2 TUBS | H29: NACHOS | J29: =_xlfn.LET(_xlpm.NumberOfBoxes,K11, _xlpm.NumberOfTubsPerBox,1.5, _xlpm.RoundTo,0.5, MROUND(_xlpm.NumberOfBoxes*_xlpm.NumberOfTubsPerBox,_xlpm.RoundTo)&" TUBS") -> 3 TUBS | M29: NACHOS | O29: =_xlfn.LET(_xlpm.NumberOfBoxes,M11, _xlpm.NumberOfTubsPerBox,1.5, _xlpm.RoundTo,0.5, MROUND(_xlpm.NumberOfBoxes*_xlpm.NumberOfTubsPerBox,_xlpm.RoundTo)&" TUBS") -> 3 TUBS
H31: SUNDAY
H32: ITEM | J32: AMOUNT
H33: TOSTADAS | J33: =P8 & " TRAYS" -> 2 TRAYS
H34: TACOS | J34: =P9 & " TRAYS" -> 4 TRAYS
H35: CINNAMON TWISTS | J35: =ROUNDUP(P10,0) & " RED CUPS" -> 0 RED CUPS
H36: NACHOS | J36: =_xlfn.LET(_xlpm.NumberOfBoxes,O11, _xlpm.NumberOfTubsPerBox,1.5, _xlpm.RoundTo,0.5, MROUND(_xlpm.NumberOfBoxes*_xlpm.NumberOfTubsPerBox,_xlpm.RoundTo)&" TUBS") -> 2 TUBS
C38: VALUES FOR TRAYS ROUNDED UP BASED OFF MAKING 5 ROWS OF 16 TACOS (2 BASKETS PER ROW, 80 TACOS PER TRAY)
B40: ITEM NAME | C40: MONDAY | E40: TUESDAY | G40: WEDNESDAY | I40: THURSDAY | K40: FRIDAY | M40: SATURDAY | O40: SUNDAY | R40: DAILY AVG
B41: CREAM SOUR | C41: {=INDEX('AC and RGM only'!$N$1:$T$150, MATCH(TRUE, ISNUMBER(SEARCH($B$41, 'AC and RGM only'!$L$1:$L$150)), 0), MATCH(TRUE, ISNUMBER(SEARCH(C$40, 'AC and RGM only'!$D$2:$J$2)), 0))} -> 0.48 | E41: {=INDEX('AC and RGM only'!$N$1:$T$150, MATCH(TRUE, ISNUMBER(SEARCH($B$41, 'AC and RGM only'!$L$1:$L$150)), 0), MATCH(TRUE, ISNUMBER(SEARCH(E$40, 'AC and RGM only'!$D$2:$J$2)), 0))} -> 0.72 | G41: {=INDEX('AC and RGM only'!$N$1:$T$150, MATCH(TRUE, ISNUMBER(SEARCH($B$41, 'AC and RGM only'!$L$1:$L$150)), 0), MATCH(TRUE, ISNUMBER(SEARCH(G$40, 'AC and RGM only'!$D$2:$J$2)), 0))} -> 0.62 | I41: {=INDEX('AC and RGM only'!$N$1:$T$150, MATCH(TRUE, ISNUMBER(SEARCH($B$41, 'AC and RGM only'!$L$1:$L$150)), 0), MATCH(TRUE, ISNUMBER(SEARCH(I$40, 'AC and RGM only'!$D$2:$J$2)), 0))} -> 0.91 | K41: {=INDEX('AC and RGM only'!$N$1:$T$150, MATCH(TRUE, ISNUMBER(SEARCH($B$41, 'AC and RGM only'!$L$1:$L$150)), 0), MATCH(TRUE, ISNUMBER(SEARCH(K$40, 'AC and RGM only'!$D$2:$J$2)), 0))} -> 1.42 | M41: {=INDEX('AC and RGM only'!$N$1:$T$150, MATCH(TRUE, ISNUMBER(SEARCH($B$41, 'AC and RGM only'!$L$1:$L$150)), 0), MATCH(TRUE, ISNUMBER(SEARCH(M$40, 'AC and RGM only'!$D$2:$J$2)), 0))} -> 1.18 | O41: {=INDEX('AC and RGM only'!$N$1:$T$150, MATCH(TRUE, ISNUMBER(SEARCH($B$41, 'AC and RGM only'!$L$1:$L$150)), 0), MATCH(TRUE, ISNUMBER(SEARCH(O$40, 'AC and RGM only'!$D$2:$J$2)), 0))} -> 1.19 | R41: =AVERAGE(C41:O41) -> 0.93142857
B42: ZESTY | C42: {=INDEX('AC and RGM only'!$N$1:$T$150, MATCH(TRUE, ISNUMBER(SEARCH($B$42, 'AC and RGM only'!$L$1:$L$150)), 0), MATCH(TRUE, ISNUMBER(SEARCH(C$40, 'AC and RGM only'!$D$2:$J$2)), 0))} -> 0.18 | E42: {=INDEX('AC and RGM only'!$N$1:$T$150, MATCH(TRUE, ISNUMBER(SEARCH($B$42, 'AC and RGM only'!$L$1:$L$150)), 0), MATCH(TRUE, ISNUMBER(SEARCH(E$40, 'AC and RGM only'!$D$2:$J$2)), 0))} -> 0.23 | G42: {=INDEX('AC and RGM only'!$N$1:$T$150, MATCH(TRUE, ISNUMBER(SEARCH($B$42, 'AC and RGM only'!$L$1:$L$150)), 0), MATCH(TRUE, ISNUMBER(SEARCH(G$40, 'AC and RGM only'!$D$2:$J$2)), 0))} -> 0.21 | I42: {=INDEX('AC and RGM only'!$N$1:$T$150, MATCH(TRUE, ISNUMBER(SEARCH($B$42, 'AC and RGM only'!$L$1:$L$150)), 0), MATCH(TRUE, ISNUMBER(SEARCH(I$40, 'AC and RGM only'!$D$2:$J$2)), 0))} -> 0.27 | K42: {=INDEX('AC and RGM only'!$N$1:$T$150, MATCH(TRUE, ISNUMBER(SEARCH($B$42, 'AC and RGM only'!$L$1:$L$150)), 0), MATCH(TRUE, ISNUMBER(SEARCH(K$40, 'AC and RGM only'!$D$2:$J$2)), 0))} -> 0.41 | M42: {=INDEX('AC and RGM only'!$N$1:$T$150, MATCH(TRUE, ISNUMBER(SEARCH($B$42, 'AC and RGM only'!$L$1:$L$150)), 0), MATCH(TRUE, ISNUMBER(SEARCH(M$40, 'AC and RGM only'!$D$2:$J$2)), 0))} -> 0.33 | O42: {=INDEX('AC and RGM only'!$N$1:$T$150, MATCH(TRUE, ISNUMBER(SEARCH($B$42, 'AC and RGM only'!$L$1:$L$150)), 0), MATCH(TRUE, ISNUMBER(SEARCH(O$40, 'AC and RGM only'!$D$2:$J$2)), 0))} -> 0.39 | R42: =AVERAGE(C42:O42) -> 0.28857143
B43: CHIPOTLE | C43: {=INDEX('AC and RGM only'!$N$1:$T$150, MATCH(TRUE, ISNUMBER(SEARCH($B$43, 'AC and RGM only'!$L$1:$L$150)), 0), MATCH(TRUE, ISNUMBER(SEARCH(C$40, 'AC and RGM only'!$D$2:$J$2)), 0))} -> 0.11 | E43: {=INDEX('AC and RGM only'!$N$1:$T$150, MATCH(TRUE, ISNUMBER(SEARCH($B$43, 'AC and RGM only'!$L$1:$L$150)), 0), MATCH(TRUE, ISNUMBER(SEARCH(E$40, 'AC and RGM only'!$D$2:$J$2)), 0))} -> 0.11 | G43: {=INDEX('AC and RGM only'!$N$1:$T$150, MATCH(TRUE, ISNUMBER(SEARCH($B$43, 'AC and RGM only'!$L$1:$L$150)), 0), MATCH(TRUE, ISNUMBER(SEARCH(G$40, 'AC and RGM only'!$D$2:$J$2)), 0))} -> 0.11 | I43: {=INDEX('AC and RGM only'!$N$1:$T$150, MATCH(TRUE, ISNUMBER(SEARCH($B$43, 'AC and RGM only'!$L$1:$L$150)), 0), MATCH(TRUE, ISNUMBER(SEARCH(I$40, 'AC and RGM only'!$D$2:$J$2)), 0))} -> 0.15 | K43: {=INDEX('AC and RGM only'!$N$1:$T$150, MATCH(TRUE, ISNUMBER(SEARCH($B$43, 'AC and RGM only'!$L$1:$L$150)), 0), MATCH(TRUE, ISNUMBER(SEARCH(K$40, 'AC and RGM only'!$D$2:$J$2)), 0))} -> 0.22 | M43: {=INDEX('AC and RGM only'!$N$1:$T$150, MATCH(TRUE, ISNUMBER(SEARCH($B$43, 'AC and RGM only'!$L$1:$L$150)), 0), MATCH(TRUE, ISNUMBER(SEARCH(M$40, 'AC and RGM only'!$D$2:$J$2)), 0))} -> 0.21 | O43: {=INDEX('AC and RGM only'!$N$1:$T$150, MATCH(TRUE, ISNUMBER(SEARCH($B$43, 'AC and RGM only'!$L$1:$L$150)), 0), MATCH(TRUE, ISNUMBER(SEARCH(O$40, 'AC and RGM only'!$D$2:$J$2)), 0))} -> 0.18 | R43: =AVERAGE(C43:O43) -> 0.15571429
B44: LAVA | C44: {=INDEX('AC and RGM only'!$N$1:$T$150, MATCH(TRUE, ISNUMBER(SEARCH($B$44, 'AC and RGM only'!$L$1:$L$150)), 0), MATCH(TRUE, ISNUMBER(SEARCH(C$40, 'AC and RGM only'!$D$2:$J$2)), 0))} -> 0.07 | E44: {=INDEX('AC and RGM only'!$N$1:$T$150, MATCH(TRUE, ISNUMBER(SEARCH($B$44, 'AC and RGM only'!$L$1:$L$150)), 0), MATCH(TRUE, ISNUMBER(SEARCH(E$40, 'AC and RGM only'!$D$2:$J$2)), 0))} -> 0.06 | G44: {=INDEX('AC and RGM only'!$N$1:$T$150, MATCH(TRUE, ISNUMBER(SEARCH($B$44, 'AC and RGM only'!$L$1:$L$150)), 0), MATCH(TRUE, ISNUMBER(SEARCH(G$40, 'AC and RGM only'!$D$2:$J$2)), 0))} -> 0.06 | I44: {=INDEX('AC and RGM only'!$N$1:$T$150, MATCH(TRUE, ISNUMBER(SEARCH($B$44, 'AC and RGM only'!$L$1:$L$150)), 0), MATCH(TRUE, ISNUMBER(SEARCH(I$40, 'AC and RGM only'!$D$2:$J$2)), 0))} -> 0.04 | K44: {=INDEX('AC and RGM only'!$N$1:$T$150, MATCH(TRUE, ISNUMBER(SEARCH($B$44, 'AC and RGM only'!$L$1:$L$150)), 0), MATCH(TRUE, ISNUMBER(SEARCH(K$40, 'AC and RGM only'!$D$2:$J$2)), 0))} -> 0.12 | M44: {=INDEX('AC and RGM only'!$N$1:$T$150, MATCH(TRUE, ISNUMBER(SEARCH($B$44, 'AC and RGM only'!$L$1:$L$150)), 0), MATCH(TRUE, ISNUMBER(SEARCH(M$40, 'AC and RGM only'!$D$2:$J$2)), 0))} -> 0.07 | O44: {=INDEX('AC and RGM only'!$N$1:$T$150, MATCH(TRUE, ISNUMBER(SEARCH($B$44, 'AC and RGM only'!$L$1:$L$150)), 0), MATCH(TRUE, ISNUMBER(SEARCH(O$40, 'AC and RGM only'!$D$2:$J$2)), 0))} -> 0.11 | R44: =AVERAGE(C44:O44) -> 0.075714286
B45: CREAMY J | C45: {=INDEX('AC and RGM only'!$N$1:$T$150, MATCH(TRUE, ISNUMBER(SEARCH($B$45, 'AC and RGM only'!$L$1:$L$150)), 0), MATCH(TRUE, ISNUMBER(SEARCH(C$40, 'AC and RGM only'!$D$2:$J$2)), 0))} -> 0.07 | E45: {=INDEX('AC and RGM only'!$N$1:$T$150, MATCH(TRUE, ISNUMBER(SEARCH($B$45, 'AC and RGM only'!$L$1:$L$150)), 0), MATCH(TRUE, ISNUMBER(SEARCH(E$40, 'AC and RGM only'!$D$2:$J$2)), 0))} -> 0.06 | G45: {=INDEX('AC and RGM only'!$N$1:$T$150, MATCH(TRUE, ISNUMBER(SEARCH($B$45, 'AC and RGM only'!$L$1:$L$150)), 0), MATCH(TRUE, ISNUMBER(SEARCH(G$40, 'AC and RGM only'!$D$2:$J$2)), 0))} -> 0.06 | I45: {=INDEX('AC and RGM only'!$N$1:$T$150, MATCH(TRUE, ISNUMBER(SEARCH($B$45, 'AC and RGM only'!$L$1:$L$150)), 0), MATCH(TRUE, ISNUMBER(SEARCH(I$40, 'AC and RGM only'!$D$2:$J$2)), 0))} -> 0.07 | K45: {=INDEX('AC and RGM only'!$N$1:$T$150, MATCH(TRUE, ISNUMBER(SEARCH($B$45, 'AC and RGM only'!$L$1:$L$150)), 0), MATCH(TRUE, ISNUMBER(SEARCH(K$40, 'AC and RGM only'!$D$2:$J$2)), 0))} -> 0.12 | M45: {=INDEX('AC and RGM only'!$N$1:$T$150, MATCH(TRUE, ISNUMBER(SEARCH($B$45, 'AC and RGM only'!$L$1:$L$150)), 0), MATCH(TRUE, ISNUMBER(SEARCH(M$40, 'AC and RGM only'!$D$2:$J$2)), 0))} -> 0.07 | O45: {=INDEX('AC and RGM only'!$N$1:$T$150, MATCH(TRUE, ISNUMBER(SEARCH($B$45, 'AC and RGM only'!$L$1:$L$150)), 0), MATCH(TRUE, ISNUMBER(SEARCH(O$40, 'AC and RGM only'!$D$2:$J$2)), 0))} -> 0.1 | R45: =AVERAGE(C45:O45) -> 0.078571429
B46: MILD | C46: {=INDEX('AC and RGM only'!$N$1:$T$150, MATCH(TRUE, ISNUMBER(SEARCH($B$46, 'AC and RGM only'!$L$1:$L$150)), 0), MATCH(TRUE, ISNUMBER(SEARCH(C$40, 'AC and RGM only'!$D$2:$J$2)), 0))} -> 0.1 | E46: {=INDEX('AC and RGM only'!$N$1:$T$150, MATCH(TRUE, ISNUMBER(SEARCH($B$46, 'AC and RGM only'!$L$1:$L$150)), 0), MATCH(TRUE, ISNUMBER(SEARCH(E$40, 'AC and RGM only'!$D$2:$J$2)), 0))} -> 0.14 | G46: {=INDEX('AC and RGM only'!$N$1:$T$150, MATCH(TRUE, ISNUMBER(SEARCH($B$46, 'AC and RGM only'!$L$1:$L$150)), 0), MATCH(TRUE, ISNUMBER(SEARCH(G$40, 'AC and RGM only'!$D$2:$J$2)), 0))} -> 0.16 | I46: {=INDEX('AC and RGM only'!$N$1:$T$150, MATCH(TRUE, ISNUMBER(SEARCH($B$46, 'AC and RGM only'!$L$1:$L$150)), 0), MATCH(TRUE, ISNUMBER(SEARCH(I$40, 'AC and RGM only'!$D$2:$J$2)), 0))} -> 0.22 | K46: {=INDEX('AC and RGM only'!$N$1:$T$150, MATCH(TRUE, ISNUMBER(SEARCH($B$46, 'AC and RGM only'!$L$1:$L$150)), 0), MATCH(TRUE, ISNUMBER(SEARCH(K$40, 'AC and RGM only'!$D$2:$J$2)), 0))} -> 0.27 | M46: {=INDEX('AC and RGM only'!$N$1:$T$150, MATCH(TRUE, ISNUMBER(SEARCH($B$46, 'AC and RGM only'!$L$1:$L$150)), 0), MATCH(TRUE, ISNUMBER(SEARCH(M$40, 'AC and RGM only'!$D$2:$J$2)), 0))} -> 0.24 | O46: {=INDEX('AC and RGM only'!$N$1:$T$150, MATCH(TRUE, ISNUMBER(SEARCH($B$46, 'AC and RGM only'!$L$1:$L$150)), 0), MATCH(TRUE, ISNUMBER(SEARCH(O$40, 'AC and RGM only'!$D$2:$J$2)), 0))} -> 0.22 | R46: =AVERAGE(C46:O46) -> 0.19285714
B47: FIRE | C47: {=INDEX('AC and RGM only'!$N3:$T152, MATCH(TRUE, ISNUMBER(SEARCH($B$47, 'AC and RGM only'!$L3:$L152)), 0), MATCH(TRUE, ISNUMBER(SEARCH(C$40, 'AC and RGM only'!$D$2:$J$2)), 0))} -> 0.03 | E47: {=INDEX('AC and RGM only'!$N3:$T152, MATCH(TRUE, ISNUMBER(SEARCH($B$47, 'AC and RGM only'!$L3:$L152)), 0), MATCH(TRUE, ISNUMBER(SEARCH(E$40, 'AC and RGM only'!$D$2:$J$2)), 0))} -> 0.04 | G47: {=INDEX('AC and RGM only'!$N3:$T152, MATCH(TRUE, ISNUMBER(SEARCH($B$47, 'AC and RGM only'!$L3:$L152)), 0), MATCH(TRUE, ISNUMBER(SEARCH(G$40, 'AC and RGM only'!$D$2:$J$2)), 0))} -> 0.05 | I47: {=INDEX('AC and RGM only'!$N3:$T152, MATCH(TRUE, ISNUMBER(SEARCH($B$47, 'AC and RGM only'!$L3:$L152)), 0), MATCH(TRUE, ISNUMBER(SEARCH(I$40, 'AC and RGM only'!$D$2:$J$2)), 0))} -> 0.08 | K47: {=INDEX('AC and RGM only'!$N3:$T152, MATCH(TRUE, ISNUMBER(SEARCH($B$47, 'AC and RGM only'!$L3:$L152)), 0), MATCH(TRUE, ISNUMBER(SEARCH(K$40, 'AC and RGM only'!$D$2:$J$2)), 0))} -> 0.1 | M47: {=INDEX('AC and RGM only'!$N3:$T152, MATCH(TRUE, ISNUMBER(SEARCH($B$47, 'AC and RGM only'!$L3:$L152)), 0), MATCH(TRUE, ISNUMBER(SEARCH(M$40, 'AC and RGM only'!$D$2:$J$2)), 0))} -> 0.07 | O47: {=INDEX('AC and RGM only'!$N3:$T152, MATCH(TRUE, ISNUMBER(SEARCH($B$47, 'AC and RGM only'!$L3:$L152)), 0), MATCH(TRUE, ISNUMBER(SEARCH(O$40, 'AC and RGM only'!$D$2:$J$2)), 0))} -> 0.06 | R47: =AVERAGE(C47:O47) -> 0.061428571
B48: TB FIESTA SALSA (FINISHED PRODUCT) | C48: {=INDEX('AC and RGM only'!$N4:$T153, MATCH(TRUE, ISNUMBER(SEARCH($B$48, 'AC and RGM only'!$L4:$L153)), 0), MATCH(TRUE, ISNUMBER(SEARCH(C$40, 'AC and RGM only'!$D$2:$J$2)), 0))} -> 0.94 | E48: {=INDEX('AC and RGM only'!$N4:$T153, MATCH(TRUE, ISNUMBER(SEARCH($B$48, 'AC and RGM only'!$L4:$L153)), 0), MATCH(TRUE, ISNUMBER(SEARCH(E$40, 'AC and RGM only'!$D$2:$J$2)), 0))} -> 1.36 | G48: {=INDEX('AC and RGM only'!$N4:$T153, MATCH(TRUE, ISNUMBER(SEARCH($B$48, 'AC and RGM only'!$L4:$L153)), 0), MATCH(TRUE, ISNUMBER(SEARCH(G$40, 'AC and RGM only'!$D$2:$J$2)), 0))} -> 1.02 | I48: {=INDEX('AC and RGM only'!$N4:$T153, MATCH(TRUE, ISNUMBER(SEARCH($B$48, 'AC and RGM only'!$L4:$L153)), 0), MATCH(TRUE, ISNUMBER(SEARCH(I$40, 'AC and RGM only'!$D$2:$J$2)), 0))} -> 1.62 | K48: {=INDEX('AC and RGM only'!$N4:$T153, MATCH(TRUE, ISNUMBER(SEARCH($B$48, 'AC and RGM only'!$L4:$L153)), 0), MATCH(TRUE, ISNUMBER(SEARCH(K$40, 'AC and RGM only'!$D$2:$J$2)), 0))} -> 2.75 | M48: {=INDEX('AC and RGM only'!$N4:$T153, MATCH(TRUE, ISNUMBER(SEARCH($B$48, 'AC and RGM only'!$L4:$L153)), 0), MATCH(TRUE, ISNUMBER(SEARCH(M$40, 'AC and RGM only'!$D$2:$J$2)), 0))} -> 2.19 | O48: {=INDEX('AC and RGM only'!$N4:$T153, MATCH(TRUE, ISNUMBER(SEARCH($B$48, 'AC and RGM only'!$L4:$L153)), 0), MATCH(TRUE, ISNUMBER(SEARCH(O$40, 'AC and RGM only'!$D$2:$J$2)), 0))} -> 2.75 | R48: =AVERAGE(C48:O48) -> 1.8042857
B49: TB GUACAMOLE (FINISHED PRODUCT) | C49: {=INDEX('AC and RGM only'!$N5:$T154, MATCH(TRUE, ISNUMBER(SEARCH($B$49, 'AC and RGM only'!$L5:$L154)), 0), MATCH(TRUE, ISNUMBER(SEARCH(C$40, 'AC and RGM only'!$D$2:$J$2)), 0))} -> 1618.8 | E49: {=INDEX('AC and RGM only'!$N5:$T154, MATCH(TRUE, ISNUMBER(SEARCH($B$49, 'AC and RGM only'!$L5:$L154)), 0), MATCH(TRUE, ISNUMBER(SEARCH(E$40, 'AC and RGM only'!$D$2:$J$2)), 0))} -> 1903.5 | G49: {=INDEX('AC and RGM only'!$N5:$T154, MATCH(TRUE, ISNUMBER(SEARCH($B$49, 'AC and RGM only'!$L5:$L154)), 0), MATCH(TRUE, ISNUMBER(SEARCH(G$40, 'AC and RGM only'!$D$2:$J$2)), 0))} -> 1383 | I49: {=INDEX('AC and RGM only'!$N5:$T154, MATCH(TRUE, ISNUMBER(SEARCH($B$49, 'AC and RGM only'!$L5:$L154)), 0), MATCH(TRUE, ISNUMBER(SEARCH(I$40, 'AC and RGM only'!$D$2:$J$2)), 0))} -> 3004.2 | K49: {=INDEX('AC and RGM only'!$N5:$T154, MATCH(TRUE, ISNUMBER(SEARCH($B$49, 'AC and RGM only'!$L5:$L154)), 0), MATCH(TRUE, ISNUMBER(SEARCH(K$40, 'AC and RGM only'!$D$2:$J$2)), 0))} -> 3868.5 | M49: {=INDEX('AC and RGM only'!$N5:$T154, MATCH(TRUE, ISNUMBER(SEARCH($B$49, 'AC and RGM only'!$L5:$L154)), 0), MATCH(TRUE, ISNUMBER(SEARCH(M$40, 'AC and RGM only'!$D$2:$J$2)), 0))} -> 3749.7 | O49: {=INDEX('AC and RGM only'!$N5:$T154, MATCH(TRUE, ISNUMBER(SEARCH($B$49, 'AC and RGM only'!$L5:$L154)), 0), MATCH(TRUE, ISNUMBER(SEARCH(O$40, 'AC and RGM only'!$D$2:$J$2)), 0))} -> 4101.3 | R49: =AVERAGE(C49:O49)/1850 -> 1.5157529
E64: WEEKLY SALAD PREP BUILD TOS | O64: Data Range:
O65: =TRIM(RIGHT(SUBSTITUTE('AC and RGM only'!D2,CHAR(10),REPT(" ",100)),100)) & " to " & TRIM(RIGHT(SUBSTITUTE('AC and RGM only'!J2,CHAR(10),REPT(" ",100)),100)) -> 14-May-26 to 20-May-26
C67: MONDAY | H67: TUESDAY | M67: WEDNESDAY
C68: ITEM | E68: AMOUNT | H68: ITEM | J68: AMOUNT | M68: ITEM | O68: AMOUNT
C69: SOUR CREAM | E69: {=_xlfn.LET( _xlpm.Usage,SUM(C41, + N("This is your daily usage in grams")), _xlpm.TubToBottle,SUM(10 + N("This is how many bottles that can be made per tub, so 10 500g bottles from a 5KG tub")), _xlpm.Buffer,SUM(1.25 + N("adds a buffer")), ROUNDUP(_xlpm.Usage*_xlpm.TubToBottle*_xlpm.Buffer, 0)& " BOTTLES")} -> 6 BOTTLES | H69: SOUR CREAM | J69: {=_xlfn.LET( _xlpm.Usage,SUM(E41, + N("This is your daily usage in grams")), _xlpm.TubToBottle,SUM(10 + N("This is how many bottles that can be made per tub, so 10 500g bottles from a 5KG tub")), _xlpm.Buffer,SUM(1.25 + N("adds a buffer")), ROUNDUP(_xlpm.Usage*_xlpm.TubToBottle*_xlpm.Buffer, 0)& " BOTTLES")} -> 9 BOTTLES | M69: SOUR CREAM | O69: {=_xlfn.LET( _xlpm.Usage,SUM(G41, + N("This is your daily usage in grams")), _xlpm.TubToBottle,SUM(10 + N("This is how many bottles that can be made per tub, so 10 500g bottles from a 5KG tub")), _xlpm.Buffer,SUM(1.25 + N("adds a buffer")), ROUNDUP(_xlpm.Usage*_xlpm.TubToBottle*_xlpm.Buffer, 0)& " BOTTLES")} -> 8 BOTTLES
C70: ZESTY RANCH | E70: {=_xlfn.LET( _xlpm.Usage,SUM(C42, + N("This is your daily usage in grams")), _xlpm.BoxToBottle,SUM(20 + N("This is how many bottles that can be made per box, so 20 500g bottles from a 10KG box")), _xlpm.Buffer,SUM(1.25 + N("adds a buffer")), ROUNDUP(_xlpm.Usage*_xlpm.BoxToBottle*_xlpm.Buffer, 0)& " BOTTLES")} -> 5 BOTTLES | H70: ZESTY RANCH | J70: {=_xlfn.LET( _xlpm.Usage,SUM(E42, + N("This is your daily usage in grams")), _xlpm.BoxToBottle,SUM(20 + N("This is how many bottles that can be made per box, so 20 500g bottles from a 10KG box")), _xlpm.Buffer,SUM(1.25 + N("adds a buffer")), ROUNDUP(_xlpm.Usage*_xlpm.BoxToBottle*_xlpm.Buffer, 0)& " BOTTLES")} -> 6 BOTTLES | M70: ZESTY RANCH | O70: {=_xlfn.LET( _xlpm.Usage,SUM(G42, + N("This is your daily usage in grams")), _xlpm.BoxToBottle,SUM(20 + N("This is how many bottles that can be made per box, so 20 500g bottles from a 10KG box")), _xlpm.Buffer,SUM(1.25 + N("adds a buffer")), ROUNDUP(_xlpm.Usage*_xlpm.BoxToBottle*_xlpm.Buffer, 0)& " BOTTLES")} -> 6 BOTTLES
C71: CHIPOTLE | E71: {=_xlfn.LET( _xlpm.Usage,SUM(C43, + N("This is your daily usage in grams")), _xlpm.BoxToBottle,SUM(20 + N("This is how many bottles that can be made per box, so 20 500g bottles from a 10KG box")), _xlpm.Buffer,SUM(1.25 + N("adds a buffer")), ROUNDUP(_xlpm.Usage*_xlpm.BoxToBottle*_xlpm.Buffer, 0)& " BOTTLES")} -> 3 BOTTLES | H71: CHIPOTLE | J71: {=_xlfn.LET( _xlpm.Usage,SUM(E43, + N("This is your daily usage in grams")), _xlpm.BoxToBottle,SUM(20 + N("This is how many bottles that can be made per box, so 20 500g bottles from a 10KG box")), _xlpm.Buffer,SUM(1.25 + N("adds a buffer")), ROUNDUP(_xlpm.Usage*_xlpm.BoxToBottle*_xlpm.Buffer, 0)& " BOTTLES")} -> 3 BOTTLES | M71: CHIPOTLE | O71: {=_xlfn.LET( _xlpm.Usage,SUM(G43, + N("This is your daily usage in grams")), _xlpm.BoxToBottle,SUM(20 + N("This is how many bottles that can be made per box, so 20 500g bottles from a 10KG box")), _xlpm.Buffer,SUM(1.25 + N("adds a buffer")), ROUNDUP(_xlpm.Usage*_xlpm.BoxToBottle*_xlpm.Buffer, 0)& " BOTTLES")} -> 3 BOTTLES
C72: LAVA SAUCE | E72: {=_xlfn.LET( _xlpm.Usage,SUM(C44, + N("This is your daily usage in grams")), _xlpm.BoxToBottle,SUM(20 + N("This is how many bottles that can be made per box, so 20 500g bottles from a 10KG box")), _xlpm.Buffer,SUM(1.25 + N("adds a buffer")), ROUNDUP(_xlpm.Usage*_xlpm.BoxToBottle*_xlpm.Buffer, 0)& " BOTTLES")} -> 2 BOTTLES | H72: LAVA SAUCE | J72: {=_xlfn.LET( _xlpm.Usage,SUM(E44, + N("This is your daily usage in grams")), _xlpm.BoxToBottle,SUM(20 + N("This is how many bottles that can be made per box, so 20 500g bottles from a 10KG box")), _xlpm.Buffer,SUM(1.25 + N("adds a buffer")), ROUNDUP(_xlpm.Usage*_xlpm.BoxToBottle*_xlpm.Buffer, 0)& " BOTTLES")} -> 2 BOTTLES | M72: LAVA SAUCE | O72: {=_xlfn.LET( _xlpm.Usage,SUM(G44, + N("This is your daily usage in grams")), _xlpm.BoxToBottle,SUM(20 + N("This is how many bottles that can be made per box, so 20 500g bottles from a 10KG box")), _xlpm.Buffer,SUM(1.25 + N("adds a buffer")), ROUNDUP(_xlpm.Usage*_xlpm.BoxToBottle*_xlpm.Buffer, 0)& " BOTTLES")} -> 2 BOTTLES
C73: CREAM J | E73: {=_xlfn.LET( _xlpm.Usage,SUM(C45, + N("This is your daily usage in grams")), _xlpm.BoxToBottle,SUM(20 + N("This is how many bottles that can be made per box, so 20 500g bottles from a 10KG box")), _xlpm.Buffer,SUM(1.25 + N("adds a buffer")), ROUNDUP(_xlpm.Usage*_xlpm.BoxToBottle*_xlpm.Buffer, 0)& " BOTTLES")} -> 2 BOTTLES | H73: CREAM J | J73: {=_xlfn.LET( _xlpm.Usage,SUM(E45, + N("This is your daily usage in grams")), _xlpm.BoxToBottle,SUM(20 + N("This is how many bottles that can be made per box, so 20 500g bottles from a 10KG box")), _xlpm.Buffer,SUM(1.25 + N("adds a buffer")), ROUNDUP(_xlpm.Usage*_xlpm.BoxToBottle*_xlpm.Buffer, 0)& " BOTTLES")} -> 2 BOTTLES | M73: CREAM J | O73: {=_xlfn.LET( _xlpm.Usage,SUM(G45, + N("This is your daily usage in grams")), _xlpm.BoxToBottle,SUM(20 + N("This is how many bottles that can be made per box, so 20 500g bottles from a 10KG box")), _xlpm.Buffer,SUM(1.25 + N("adds a buffer")), ROUNDUP(_xlpm.Usage*_xlpm.BoxToBottle*_xlpm.Buffer, 0)& " BOTTLES")} -> 2 BOTTLES
C74: MILD SAUCE | E74: {=_xlfn.LET( _xlpm.Usage,SUM(C46, + N("This is your daily usage in grams")), _xlpm.BoxToBottle,SUM(20 + N("This is how many bottles that can be made per box, so 20 500g bottles from a 10KG box")), _xlpm.Buffer,SUM(1.25 + N("adds a buffer")), ROUNDUP(_xlpm.Usage*_xlpm.BoxToBottle*_xlpm.Buffer, 0)& " BOTTLES")} -> 3 BOTTLES | H74: MILD SAUCE | J74: {=_xlfn.LET( _xlpm.Usage,SUM(E46, + N("This is your daily usage in grams")), _xlpm.BoxToBottle,SUM(20 + N("This is how many bottles that can be made per box, so 20 500g bottles from a 10KG box")), _xlpm.Buffer,SUM(1.25 + N("adds a buffer")), ROUNDUP(_xlpm.Usage*_xlpm.BoxToBottle*_xlpm.Buffer, 0)& " BOTTLES")} -> 4 BOTTLES | M74: MILD SAUCE | O74: {=_xlfn.LET( _xlpm.Usage,SUM(G46, + N("This is your daily usage in grams")), _xlpm.BoxToBottle,SUM(20 + N("This is how many bottles that can be made per box, so 20 500g bottles from a 10KG box")), _xlpm.Buffer,SUM(1.25 + N("adds a buffer")), ROUNDUP(_xlpm.Usage*_xlpm.BoxToBottle*_xlpm.Buffer, 0)& " BOTTLES")} -> 4 BOTTLES
C75: FIRE SAUCE | E75: {=_xlfn.LET( _xlpm.Usage,SUM(C47, + N("This is your daily usage in grams")), _xlpm.BoxToBottle,SUM(20 + N("This is how many bottles that can be made per box, so 20 500g bottles from a 10KG box")), _xlpm.Buffer,SUM(1.25 + N("adds a buffer")), ROUNDUP(_xlpm.Usage*_xlpm.BoxToBottle*_xlpm.Buffer, 0)& " BOTTLES")} -> 1 BOTTLES | H75: FIRE SAUCE | J75: {=_xlfn.LET( _xlpm.Usage,SUM(E47, + N("This is your daily usage in grams")), _xlpm.BoxToBottle,SUM(20 + N("This is how many bottles that can be made per box, so 20 500g bottles from a 10KG box")), _xlpm.Buffer,SUM(1.25 + N("adds a buffer")), ROUNDUP(_xlpm.Usage*_xlpm.BoxToBottle*_xlpm.Buffer, 0)& " BOTTLES")} -> 1 BOTTLES | M75: FIRE SAUCE | O75: {=_xlfn.LET( _xlpm.Usage,SUM(G47, + N("This is your daily usage in grams")), _xlpm.BoxToBottle,SUM(20 + N("This is how many bottles that can be made per box, so 20 500g bottles from a 10KG box")), _xlpm.Buffer,SUM(1.25 + N("adds a buffer")), ROUNDUP(_xlpm.Usage*_xlpm.BoxToBottle*_xlpm.Buffer, 0)& " BOTTLES")} -> 2 BOTTLES
C76: FIESTA | E76: {=_xlfn.LET( _xlpm.Usage,SUM(C48, + N("This is your daily usage in KG")), _xlpm.BagToPan,SUM(1 + N("This is how many Pans that can be made per bag, so 1 1KG Pan per Bag")), _xlpm.Buffer,SUM(1.25 + N("adds a buffer")), ROUNDUP(_xlpm.Usage*_xlpm.BagToPan*_xlpm.Buffer, 0)& " PANS")} -> 2 PANS | H76: FIESTA | J76: {=_xlfn.LET( _xlpm.Usage,SUM(E48, + N("This is your daily usage in KG")), _xlpm.BagToPan,SUM(1 + N("This is how many Pans that can be made per bag, so 1 1KG Pan per Bag")), _xlpm.Buffer,SUM(1.25 + N("adds a buffer")), ROUNDUP(_xlpm.Usage*_xlpm.BagToPan*_xlpm.Buffer, 0)& " PANS")} -> 2 PANS | M76: FIESTA | O76: {=_xlfn.LET( _xlpm.Usage,SUM(G48, + N("This is your daily usage in KG")), _xlpm.BagToPan,SUM(1 + N("This is how many Pans that can be made per bag, so 1 1KG Pan per Bag")), _xlpm.Buffer,SUM(1.25 + N("adds a buffer")), ROUNDUP(_xlpm.Usage*_xlpm.BagToPan*_xlpm.Buffer, 0)& " PANS")} -> 2 PANS
C77: GUAC | E77: {=_xlfn.LET( _xlpm.Usage,SUM(C49/1850, + N("This is your daily usage in grams, divided into bag sizes")), _xlpm.BagToPan,SUM(1 + N("This is how many bags per pan")), _xlpm.Buffer,SUM(1.25 + N("adds a buffer")), ROUNDUP(_xlpm.Usage*_xlpm.BagToPan*_xlpm.Buffer, 0)& " PANS")} -> 2 PANS | H77: GUAC | J77: {=_xlfn.LET( _xlpm.Usage,SUM(E49/1850, + N("This is your daily usage in grams, divided into bag sizes")), _xlpm.BagToPan,SUM(1 + N("This is how many bags per pan")), _xlpm.Buffer,SUM(1.25 + N("adds a buffer")), ROUNDUP(_xlpm.Usage*_xlpm.BagToPan*_xlpm.Buffer, 0)& " PANS")} -> 2 PANS | M77: GUAC | O77: {=_xlfn.LET( _xlpm.Usage,SUM(G49/1850, + N("This is your daily usage in grams, divided into bag sizes")), _xlpm.BagToPan,SUM(1 + N("This is how many bags per pan")), _xlpm.Buffer,SUM(1.25 + N("adds a buffer")), ROUNDUP(_xlpm.Usage*_xlpm.BagToPan*_xlpm.Buffer, 0)& " PANS")} -> 1 PANS
C79: THURSDAY | H79: FRIDAY | M79: SATURDAY
C80: ITEM | E80: AMOUNT | H80: ITEM | J80: AMOUNT | M80: ITEM | O80: AMOUNT
C81: SOUR CREAM | E81: {=_xlfn.LET( _xlpm.Usage,SUM(I41, + N("This is your daily usage in grams")), _xlpm.TubToBottle,SUM(10 + N("This is how many bottles that can be made per tub, so 10 500g bottles from a 5KG tub")), _xlpm.Buffer,SUM(1.25 + N("adds a buffer")), ROUNDUP(_xlpm.Usage*_xlpm.TubToBottle*_xlpm.Buffer, 0)& " BOTTLES")} -> 12 BOTTLES | H81: SOUR CREAM | J81: {=_xlfn.LET( _xlpm.Usage,SUM(K41, + N("This is your daily usage in grams")), _xlpm.TubToBottle,SUM(10 + N("This is how many bottles that can be made per tub, so 10 500g bottles from a 5KG tub")), _xlpm.Buffer,SUM(1.25 + N("adds a buffer")), ROUNDUP(_xlpm.Usage*_xlpm.TubToBottle*_xlpm.Buffer, 0)& " BOTTLES")} -> 18 BOTTLES | M81: SOUR CREAM | O81: {=_xlfn.LET( _xlpm.Usage,SUM(M41, + N("This is your daily usage in grams")), _xlpm.TubToBottle,SUM(10 + N("This is how many bottles that can be made per tub, so 10 500g bottles from a 5KG tub")), _xlpm.Buffer,SUM(1.25 + N("adds a buffer")), ROUNDUP(_xlpm.Usage*_xlpm.TubToBottle*_xlpm.Buffer, 0)& " BOTTLES")} -> 15 BOTTLES
C82: ZESTY RANCH | E82: {=_xlfn.LET( _xlpm.Usage,SUM(I42, + N("This is your daily usage in grams")), _xlpm.BoxToBottle,SUM(20 + N("This is how many bottles that can be made per box, so 20 500g bottles from a 10KG box")), _xlpm.Buffer,SUM(1.25 + N("adds a buffer")), ROUNDUP(_xlpm.Usage*_xlpm.BoxToBottle*_xlpm.Buffer, 0)& " BOTTLES")} -> 7 BOTTLES | H82: ZESTY RANCH | J82: {=_xlfn.LET( _xlpm.Usage,SUM(K42, + N("This is your daily usage in grams")), _xlpm.BoxToBottle,SUM(20 + N("This is how many bottles that can be made per box, so 20 500g bottles from a 10KG box")), _xlpm.Buffer,SUM(1.25 + N("adds a buffer")), ROUNDUP(_xlpm.Usage*_xlpm.BoxToBottle*_xlpm.Buffer, 0)& " BOTTLES")} -> 11 BOTTLES | M82: ZESTY RANCH | O82: {=_xlfn.LET( _xlpm.Usage,SUM(K42, + N("This is your daily usage in grams")), _xlpm.BoxToBottle,SUM(20 + N("This is how many bottles that can be made per box, so 20 500g bottles from a 10KG box")), _xlpm.Buffer,SUM(1.25 + N("adds a buffer")), ROUNDUP(_xlpm.Usage*_xlpm.BoxToBottle*_xlpm.Buffer, 0)& " BOTTLES")} -> 11 BOTTLES
C83: CHIPOTLE | E83: {=_xlfn.LET( _xlpm.Usage,SUM(I43, + N("This is your daily usage in grams")), _xlpm.BoxToBottle,SUM(20 + N("This is how many bottles that can be made per box, so 20 500g bottles from a 10KG box")), _xlpm.Buffer,SUM(1.25 + N("adds a buffer")), ROUNDUP(_xlpm.Usage*_xlpm.BoxToBottle*_xlpm.Buffer, 0)& " BOTTLES")} -> 4 BOTTLES | H83: CHIPOTLE | J83: {=_xlfn.LET( _xlpm.Usage,SUM(K43, + N("This is your daily usage in grams")), _xlpm.BoxToBottle,SUM(20 + N("This is how many bottles that can be made per box, so 20 500g bottles from a 10KG box")), _xlpm.Buffer,SUM(1.25 + N("adds a buffer")), ROUNDUP(_xlpm.Usage*_xlpm.BoxToBottle*_xlpm.Buffer, 0)& " BOTTLES")} -> 6 BOTTLES | M83: CHIPOTLE | O83: {=_xlfn.LET( _xlpm.Usage,SUM(K43, + N("This is your daily usage in grams")), _xlpm.BoxToBottle,SUM(20 + N("This is how many bottles that can be made per box, so 20 500g bottles from a 10KG box")), _xlpm.Buffer,SUM(1.25 + N("adds a buffer")), ROUNDUP(_xlpm.Usage*_xlpm.BoxToBottle*_xlpm.Buffer, 0)& " BOTTLES")} -> 6 BOTTLES
C84: LAVA SAUCE | E84: {=_xlfn.LET( _xlpm.Usage,SUM(I44, + N("This is your daily usage in grams")), _xlpm.BoxToBottle,SUM(20 + N("This is how many bottles that can be made per box, so 20 500g bottles from a 10KG box")), _xlpm.Buffer,SUM(1.25 + N("adds a buffer")), ROUNDUP(_xlpm.Usage*_xlpm.BoxToBottle*_xlpm.Buffer, 0)& " BOTTLES")} -> 1 BOTTLES | H84: LAVA SAUCE | J84: {=_xlfn.LET( _xlpm.Usage,SUM(K44, + N("This is your daily usage in grams")), _xlpm.BoxToBottle,SUM(20 + N("This is how many bottles that can be made per box, so 20 500g bottles from a 10KG box")), _xlpm.Buffer,SUM(1.25 + N("adds a buffer")), ROUNDUP(_xlpm.Usage*_xlpm.BoxToBottle*_xlpm.Buffer, 0)& " BOTTLES")} -> 3 BOTTLES | M84: LAVA SAUCE | O84: {=_xlfn.LET( _xlpm.Usage,SUM(K44, + N("This is your daily usage in grams")), _xlpm.BoxToBottle,SUM(20 + N("This is how many bottles that can be made per box, so 20 500g bottles from a 10KG box")), _xlpm.Buffer,SUM(1.25 + N("adds a buffer")), ROUNDUP(_xlpm.Usage*_xlpm.BoxToBottle*_xlpm.Buffer, 0)& " BOTTLES")} -> 3 BOTTLES
C85: CREAM J | E85: {=_xlfn.LET( _xlpm.Usage,SUM(I45, + N("This is your daily usage in grams")), _xlpm.BoxToBottle,SUM(20 + N("This is how many bottles that can be made per box, so 20 500g bottles from a 10KG box")), _xlpm.Buffer,SUM(1.25 + N("adds a buffer")), ROUNDUP(_xlpm.Usage*_xlpm.BoxToBottle*_xlpm.Buffer, 0)& " BOTTLES")} -> 2 BOTTLES | H85: CREAM J | J85: {=_xlfn.LET( _xlpm.Usage,SUM(K45, + N("This is your daily usage in grams")), _xlpm.BoxToBottle,SUM(20 + N("This is how many bottles that can be made per box, so 20 500g bottles from a 10KG box")), _xlpm.Buffer,SUM(1.25 + N("adds a buffer")), ROUNDUP(_xlpm.Usage*_xlpm.BoxToBottle*_xlpm.Buffer, 0)& " BOTTLES")} -> 3 BOTTLES | M85: CREAM J | O85: {=_xlfn.LET( _xlpm.Usage,SUM(K45, + N("This is your daily usage in grams")), _xlpm.BoxToBottle,SUM(20 + N("This is how many bottles that can be made per box, so 20 500g bottles from a 10KG box")), _xlpm.Buffer,SUM(1.25 + N("adds a buffer")), ROUNDUP(_xlpm.Usage*_xlpm.BoxToBottle*_xlpm.Buffer, 0)& " BOTTLES")} -> 3 BOTTLES
C86: MILD SAUCE | E86: {=_xlfn.LET( _xlpm.Usage,SUM(I46, + N("This is your daily usage in grams")), _xlpm.BoxToBottle,SUM(20 + N("This is how many bottles that can be made per box, so 20 500g bottles from a 10KG box")), _xlpm.Buffer,SUM(1.25 + N("adds a buffer")), ROUNDUP(_xlpm.Usage*_xlpm.BoxToBottle*_xlpm.Buffer, 0)& " BOTTLES")} -> 6 BOTTLES | H86: MILD SAUCE | J86: {=_xlfn.LET( _xlpm.Usage,SUM(K46, + N("This is your daily usage in grams")), _xlpm.BoxToBottle,SUM(20 + N("This is how many bottles that can be made per box, so 20 500g bottles from a 10KG box")), _xlpm.Buffer,SUM(1.25 + N("adds a buffer")), ROUNDUP(_xlpm.Usage*_xlpm.BoxToBottle*_xlpm.Buffer, 0)& " BOTTLES")} -> 7 BOTTLES | M86: MILD SAUCE | O86: {=_xlfn.LET( _xlpm.Usage,SUM(K46, + N("This is your daily usage in grams")), _xlpm.BoxToBottle,SUM(20 + N("This is how many bottles that can be made per box, so 20 500g bottles from a 10KG box")), _xlpm.Buffer,SUM(1.25 + N("adds a buffer")), ROUNDUP(_xlpm.Usage*_xlpm.BoxToBottle*_xlpm.Buffer, 0)& " BOTTLES")} -> 7 BOTTLES
C87: FIRE SAUCE | E87: {=_xlfn.LET( _xlpm.Usage,SUM(I47, + N("This is your daily usage in grams")), _xlpm.BoxToBottle,SUM(20 + N("This is how many bottles that can be made per box, so 20 500g bottles from a 10KG box")), _xlpm.Buffer,SUM(1.25 + N("adds a buffer")), ROUNDUP(_xlpm.Usage*_xlpm.BoxToBottle*_xlpm.Buffer, 0)& " BOTTLES")} -> 2 BOTTLES | H87: FIRE SAUCE | J87: {=_xlfn.LET( _xlpm.Usage,SUM(K47, + N("This is your daily usage in grams")), _xlpm.BoxToBottle,SUM(20 + N("This is how many bottles that can be made per box, so 20 500g bottles from a 10KG box")), _xlpm.Buffer,SUM(1.25 + N("adds a buffer")), ROUNDUP(_xlpm.Usage*_xlpm.BoxToBottle*_xlpm.Buffer, 0)& " BOTTLES")} -> 3 BOTTLES | M87: FIRE SAUCE | O87: {=_xlfn.LET( _xlpm.Usage,SUM(K47, + N("This is your daily usage in grams")), _xlpm.BoxToBottle,SUM(20 + N("This is how many bottles that can be made per box, so 20 500g bottles from a 10KG box")), _xlpm.Buffer,SUM(1.25 + N("adds a buffer")), ROUNDUP(_xlpm.Usage*_xlpm.BoxToBottle*_xlpm.Buffer, 0)& " BOTTLES")} -> 3 BOTTLES
C88: FIESTA | E88: {=_xlfn.LET( _xlpm.Usage,SUM(I48, + N("This is your daily usage in KG")), _xlpm.BagToPan,SUM(1 + N("This is how many Pans that can be made per bag, so 1 1KG Pan per Bag")), _xlpm.Buffer,SUM(1.25 + N("adds a buffer")), ROUNDUP(_xlpm.Usage*_xlpm.BagToPan*_xlpm.Buffer, 0)& " PANS")} -> 3 PANS | H88: FIESTA | J88: {=_xlfn.LET( _xlpm.Usage,SUM(K48, + N("This is your daily usage in KG")), _xlpm.BagToPan,SUM(1 + N("This is how many Pans that can be made per bag, so 1 1KG Pan per Bag")), _xlpm.Buffer,SUM(1.25 + N("adds a buffer")), ROUNDUP(_xlpm.Usage*_xlpm.BagToPan*_xlpm.Buffer, 0)& " PANS")} -> 4 PANS | M88: FIESTA | O88: {=_xlfn.LET( _xlpm.Usage,SUM(M48, + N("This is your daily usage in KG")), _xlpm.BagToPan,SUM(1 + N("This is how many Pans that can be made per bag, so 1 1KG Pan per Bag")), _xlpm.Buffer,SUM(1.25 + N("adds a buffer")), ROUNDUP(_xlpm.Usage*_xlpm.BagToPan*_xlpm.Buffer, 0)& " PANS")} -> 3 PANS
C89: GUAC | E89: {=_xlfn.LET( _xlpm.Usage,SUM(I49/1850, + N("This is your daily usage in grams, divided into bag sizes")), _xlpm.BagToPan,SUM(1 + N("This is how many bags per pan")), _xlpm.Buffer,SUM(1.25 + N("adds a buffer")), ROUNDUP(_xlpm.Usage*_xlpm.BagToPan*_xlpm.Buffer, 0)& " PANS")} -> 3 PANS | H89: GUAC | J89: {=_xlfn.LET( _xlpm.Usage,SUM(K49/1850, + N("This is your daily usage in grams, divided into bag sizes")), _xlpm.BagToPan,SUM(1 + N("This is how many bags per pan")), _xlpm.Buffer,SUM(1.25 + N("adds a buffer")), ROUNDUP(_xlpm.Usage*_xlpm.BagToPan*_xlpm.Buffer, 0)& " PANS")} -> 3 PANS | M89: GUAC | O89: {=_xlfn.LET( _xlpm.Usage,SUM(M49/1850, + N("This is your daily usage in grams, divided into bag sizes")), _xlpm.BagToPan,SUM(1 + N("This is how many bags per pan")), _xlpm.Buffer,SUM(1.25 + N("adds a buffer")), ROUNDUP(_xlpm.Usage*_xlpm.BagToPan*_xlpm.Buffer, 0)& " PANS")} -> 3 PANS
H91: SUNDAY
H92: ITEM | J92: AMOUNT
H93: SOUR CREAM | J93: {=_xlfn.LET( _xlpm.Usage,SUM(O41, + N("This is your daily usage in grams")), _xlpm.TubToBottle,SUM(10 + N("This is how many bottles that can be made per tub, so 10 500g bottles from a 5KG tub")), _xlpm.Buffer,SUM(1.25 + N("adds a buffer")), ROUNDUP(_xlpm.Usage*_xlpm.TubToBottle*_xlpm.Buffer, 0)& " BOTTLES")} -> 15 BOTTLES
H94: ZESTY RANCH | J94: {=_xlfn.LET( _xlpm.Usage,SUM(O42, + N("This is your daily usage in grams")), _xlpm.BoxToBottle,SUM(20 + N("This is how many bottles that can be made per box, so 20 500g bottles from a 10KG box")), _xlpm.Buffer,SUM(1.25 + N("adds a buffer")), ROUNDUP(_xlpm.Usage*_xlpm.BoxToBottle*_xlpm.Buffer, 0)& " BOTTLES")} -> 10 BOTTLES
H95: CHIPOTLE | J95: {=_xlfn.LET( _xlpm.Usage,SUM(O43, + N("This is your daily usage in grams")), _xlpm.BoxToBottle,SUM(20 + N("This is how many bottles that can be made per box, so 20 500g bottles from a 10KG box")), _xlpm.Buffer,SUM(1.25 + N("adds a buffer")), ROUNDUP(_xlpm.Usage*_xlpm.BoxToBottle*_xlpm.Buffer, 0)& " BOTTLES")} -> 5 BOTTLES
H96: LAVA SAUCE | J96: {=_xlfn.LET( _xlpm.Usage,SUM(O44, + N("This is your daily usage in grams")), _xlpm.BoxToBottle,SUM(20 + N("This is how many bottles that can be made per box, so 20 500g bottles from a 10KG box")), _xlpm.Buffer,SUM(1.25 + N("adds a buffer")), ROUNDUP(_xlpm.Usage*_xlpm.BoxToBottle*_xlpm.Buffer, 0)& " BOTTLES")} -> 3 BOTTLES
H97: CREAM J | J97: {=_xlfn.LET( _xlpm.Usage,SUM(O45, + N("This is your daily usage in grams")), _xlpm.BoxToBottle,SUM(20 + N("This is how many bottles that can be made per box, so 20 500g bottles from a 10KG box")), _xlpm.Buffer,SUM(1.25 + N("adds a buffer")), ROUNDUP(_xlpm.Usage*_xlpm.BoxToBottle*_xlpm.Buffer, 0)& " BOTTLES")} -> 3 BOTTLES
H98: MILD SAUCE | J98: {=_xlfn.LET( _xlpm.Usage,SUM(O46, + N("This is your daily usage in grams")), _xlpm.BoxToBottle,SUM(20 + N("This is how many bottles that can be made per box, so 20 500g bottles from a 10KG box")), _xlpm.Buffer,SUM(1.25 + N("adds a buffer")), ROUNDUP(_xlpm.Usage*_xlpm.BoxToBottle*_xlpm.Buffer, 0)& " BOTTLES")} -> 6 BOTTLES
H99: FIRE SAUCE | J99: {=_xlfn.LET( _xlpm.Usage,SUM(O47, + N("This is your daily usage in grams")), _xlpm.BoxToBottle,SUM(20 + N("This is how many bottles that can be made per box, so 20 500g bottles from a 10KG box")), _xlpm.Buffer,SUM(1.25 + N("adds a buffer")), ROUNDUP(_xlpm.Usage*_xlpm.BoxToBottle*_xlpm.Buffer, 0)& " BOTTLES")} -> 2 BOTTLES
H100: FIESTA | J100: {=_xlfn.LET( _xlpm.Usage,SUM(O48, + N("This is your daily usage in KG")), _xlpm.BagToPan,SUM(1 + N("This is how many Pans that can be made per bag, so 1 1KG Pan per Bag")), _xlpm.Buffer,SUM(1.25 + N("adds a buffer")), ROUNDUP(_xlpm.Usage*_xlpm.BagToPan*_xlpm.Buffer, 0)& " PANS")} -> 4 PANS
H101: GUAC | J101: {=_xlfn.LET( _xlpm.Usage,SUM(O49/1850, + N("This is your daily usage in grams, divided into bag sizes")), _xlpm.BagToPan,SUM(1 + N("This is how many bags per pan")), _xlpm.Buffer,SUM(1.25 + N("adds a buffer")), ROUNDUP(_xlpm.Usage*_xlpm.BagToPan*_xlpm.Buffer, 0)& " PANS")} -> 3 PANS
B103: ITEM NAME | C103: MONDAY | E103: TUESDAY | G103: WEDNESDAY | I103: THURSDAY | K103: FRIDAY | M103: SATURDAY | O103: SUNDAY | R103: DAILY AVG
B104: 12INCH | C104: {=INDEX('AC and RGM only'!$N$1:$T$150, MATCH(TRUE, ISNUMBER(SEARCH($B$104, 'AC and RGM only'!$L$1:$L$150)), 0), MATCH(TRUE, ISNUMBER(SEARCH(C$103, 'AC and RGM only'!$D$2:$J$2)), 0))} -> 0.49 | E104: {=INDEX('AC and RGM only'!$N$1:$T$150, MATCH(TRUE, ISNUMBER(SEARCH($B$104, 'AC and RGM only'!$L$1:$L$150)), 0), MATCH(TRUE, ISNUMBER(SEARCH(E$103, 'AC and RGM only'!$D$2:$J$2)), 0))} -> 0.74 | G104: {=INDEX('AC and RGM only'!$N$1:$T$150, MATCH(TRUE, ISNUMBER(SEARCH($B$104, 'AC and RGM only'!$L$1:$L$150)), 0), MATCH(TRUE, ISNUMBER(SEARCH(G$103, 'AC and RGM only'!$D$2:$J$2)), 0))} -> 0.63 | I104: {=INDEX('AC and RGM only'!$N$1:$T$150, MATCH(TRUE, ISNUMBER(SEARCH($B$104, 'AC and RGM only'!$L$1:$L$150)), 0), MATCH(TRUE, ISNUMBER(SEARCH(I$103, 'AC and RGM only'!$D$2:$J$2)), 0))} -> 0.85 | K104: {=INDEX('AC and RGM only'!$N$1:$T$150, MATCH(TRUE, ISNUMBER(SEARCH($B$104, 'AC and RGM only'!$L$1:$L$150)), 0), MATCH(TRUE, ISNUMBER(SEARCH(K$103, 'AC and RGM only'!$D$2:$J$2)), 0))} -> 1.51 | M104: {=INDEX('AC and RGM only'!$N$1:$T$150, MATCH(TRUE, ISNUMBER(SEARCH($B$104, 'AC and RGM only'!$L$1:$L$150)), 0), MATCH(TRUE, ISNUMBER(SEARCH(M$103, 'AC and RGM only'!$D$2:$J$2)), 0))} -> 1.23 | O104: {=INDEX('AC and RGM only'!$N$1:$T$150, MATCH(TRUE, ISNUMBER(SEARCH($B$104, 'AC and RGM only'!$L$1:$L$150)), 0), MATCH(TRUE, ISNUMBER(SEARCH(O$103, 'AC and RGM only'!$D$2:$J$2)), 0))} -> 1.26 | R104: =AVERAGE(C104:O104) -> 0.95857143
B105: 10.25INCH | C105: {=INDEX('AC and RGM only'!$N$1:$T$150, MATCH(TRUE, ISNUMBER(SEARCH($B$105, 'AC and RGM only'!$L$1:$L$150)), 0), MATCH(TRUE, ISNUMBER(SEARCH(C$103, 'AC and RGM only'!$D$2:$J$2)), 0))} -> 0.59 | E105: {=INDEX('AC and RGM only'!$N$1:$T$150, MATCH(TRUE, ISNUMBER(SEARCH($B$105, 'AC and RGM only'!$L$1:$L$150)), 0), MATCH(TRUE, ISNUMBER(SEARCH(E$103, 'AC and RGM only'!$D$2:$J$2)), 0))} -> 0.63 | G105: {=INDEX('AC and RGM only'!$N$1:$T$150, MATCH(TRUE, ISNUMBER(SEARCH($B$105, 'AC and RGM only'!$L$1:$L$150)), 0), MATCH(TRUE, ISNUMBER(SEARCH(G$103, 'AC and RGM only'!$D$2:$J$2)), 0))} -> 0.8 | I105: {=INDEX('AC and RGM only'!$N$1:$T$150, MATCH(TRUE, ISNUMBER(SEARCH($B$105, 'AC and RGM only'!$L$1:$L$150)), 0), MATCH(TRUE, ISNUMBER(SEARCH(I$103, 'AC and RGM only'!$D$2:$J$2)), 0))} -> 1.03 | K105: {=INDEX('AC and RGM only'!$N$1:$T$150, MATCH(TRUE, ISNUMBER(SEARCH($B$105, 'AC and RGM only'!$L$1:$L$150)), 0), MATCH(TRUE, ISNUMBER(SEARCH(K$103, 'AC and RGM only'!$D$2:$J$2)), 0))} -> 1.33 | M105: {=INDEX('AC and RGM only'!$N$1:$T$150, MATCH(TRUE, ISNUMBER(SEARCH($B$105, 'AC and RGM only'!$L$1:$L$150)), 0), MATCH(TRUE, ISNUMBER(SEARCH(M$103, 'AC and RGM only'!$D$2:$J$2)), 0))} -> 1.15 | O105: {=INDEX('AC and RGM only'!$N$1:$T$150, MATCH(TRUE, ISNUMBER(SEARCH($B$105, 'AC and RGM only'!$L$1:$L$150)), 0), MATCH(TRUE, ISNUMBER(SEARCH(O$103, 'AC and RGM only'!$D$2:$J$2)), 0))} -> 1.18 | R105: =AVERAGE(C105:O105) -> 0.95857143
B106: 6.5INCH | C106: {=INDEX('AC and RGM only'!$N$1:$T$150, MATCH(TRUE, ISNUMBER(SEARCH($B$106, 'AC and RGM only'!$L$1:$L$150)), 0), MATCH(TRUE, ISNUMBER(SEARCH(C$103, 'AC and RGM only'!$D$2:$J$2)), 0))} -> 0.14 | E106: {=INDEX('AC and RGM only'!$N$1:$T$150, MATCH(TRUE, ISNUMBER(SEARCH($B$106, 'AC and RGM only'!$L$1:$L$150)), 0), MATCH(TRUE, ISNUMBER(SEARCH(E$103, 'AC and RGM only'!$D$2:$J$2)), 0))} -> 0.15 | G106: {=INDEX('AC and RGM only'!$N$1:$T$150, MATCH(TRUE, ISNUMBER(SEARCH($B$106, 'AC and RGM only'!$L$1:$L$150)), 0), MATCH(TRUE, ISNUMBER(SEARCH(G$103, 'AC and RGM only'!$D$2:$J$2)), 0))} -> 0.24 | I106: {=INDEX('AC and RGM only'!$N$1:$T$150, MATCH(TRUE, ISNUMBER(SEARCH($B$106, 'AC and RGM only'!$L$1:$L$150)), 0), MATCH(TRUE, ISNUMBER(SEARCH(I$103, 'AC and RGM only'!$D$2:$J$2)), 0))} -> 0.2 | K106: {=INDEX('AC and RGM only'!$N$1:$T$150, MATCH(TRUE, ISNUMBER(SEARCH($B$106, 'AC and RGM only'!$L$1:$L$150)), 0), MATCH(TRUE, ISNUMBER(SEARCH(K$103, 'AC and RGM only'!$D$2:$J$2)), 0))} -> 0.4 | M106: {=INDEX('AC and RGM only'!$N$1:$T$150, MATCH(TRUE, ISNUMBER(SEARCH($B$106, 'AC and RGM only'!$L$1:$L$150)), 0), MATCH(TRUE, ISNUMBER(SEARCH(M$103, 'AC and RGM only'!$D$2:$J$2)), 0))} -> 0.28 | O106: {=INDEX('AC and RGM only'!$N$1:$T$150, MATCH(TRUE, ISNUMBER(SEARCH($B$106, 'AC and RGM only'!$L$1:$L$150)), 0), MATCH(TRUE, ISNUMBER(SEARCH(O$103, 'AC and RGM only'!$D$2:$J$2)), 0))} -> 0.35 | R106: =AVERAGE(C106:O106) -> 0.25142857
B107: FlatBread | C107: {=INDEX('AC and RGM only'!$N$1:$T$150, MATCH(TRUE, ISNUMBER(SEARCH($B$107, 'AC and RGM only'!$L$1:$L$150)), 0), MATCH(TRUE, ISNUMBER(SEARCH(C$103, 'AC and RGM only'!$D$2:$J$2)), 0))} -> 0.42 | E107: {=INDEX('AC and RGM only'!$N$1:$T$150, MATCH(TRUE, ISNUMBER(SEARCH($B$107, 'AC and RGM only'!$L$1:$L$150)), 0), MATCH(TRUE, ISNUMBER(SEARCH(E$103, 'AC and RGM only'!$D$2:$J$2)), 0))} -> 0.55 | G107: {=INDEX('AC and RGM only'!$N$1:$T$150, MATCH(TRUE, ISNUMBER(SEARCH($B$107, 'AC and RGM only'!$L$1:$L$150)), 0), MATCH(TRUE, ISNUMBER(SEARCH(G$103, 'AC and RGM only'!$D$2:$J$2)), 0))} -> 0.54 | I107: {=INDEX('AC and RGM only'!$N$1:$T$150, MATCH(TRUE, ISNUMBER(SEARCH($B$107, 'AC and RGM only'!$L$1:$L$150)), 0), MATCH(TRUE, ISNUMBER(SEARCH(I$103, 'AC and RGM only'!$D$2:$J$2)), 0))} -> 0.55 | K107: {=INDEX('AC and RGM only'!$N$1:$T$150, MATCH(TRUE, ISNUMBER(SEARCH($B$107, 'AC and RGM only'!$L$1:$L$150)), 0), MATCH(TRUE, ISNUMBER(SEARCH(K$103, 'AC and RGM only'!$D$2:$J$2)), 0))} -> 0.98 | M107: {=INDEX('AC and RGM only'!$N$1:$T$150, MATCH(TRUE, ISNUMBER(SEARCH($B$107, 'AC and RGM only'!$L$1:$L$150)), 0), MATCH(TRUE, ISNUMBER(SEARCH(M$103, 'AC and RGM only'!$D$2:$J$2)), 0))} -> 0.69 | O107: {=INDEX('AC and RGM only'!$N$1:$T$150, MATCH(TRUE, ISNUMBER(SEARCH($B$107, 'AC and RGM only'!$L$1:$L$150)), 0), MATCH(TRUE, ISNUMBER(SEARCH(O$103, 'AC and RGM only'!$D$2:$J$2)), 0))} -> 0.8 | R107: =AVERAGE(C107:O107) -> 0.64714286
B108: CORN 6 INCH | C108: {=INDEX('AC and RGM only'!$N$1:$T$150, MATCH(TRUE, ISNUMBER(SEARCH($B$108, 'AC and RGM only'!$L$1:$L$150)), 0), MATCH(TRUE, ISNUMBER(SEARCH(C$103, 'AC and RGM only'!$D$2:$J$2)), 0))} -> 0.41 | E108: {=INDEX('AC and RGM only'!$N$1:$T$150, MATCH(TRUE, ISNUMBER(SEARCH($B$108, 'AC and RGM only'!$L$1:$L$150)), 0), MATCH(TRUE, ISNUMBER(SEARCH(E$103, 'AC and RGM only'!$D$2:$J$2)), 0))} -> 0.51 | G108: {=INDEX('AC and RGM only'!$N$1:$T$150, MATCH(TRUE, ISNUMBER(SEARCH($B$108, 'AC and RGM only'!$L$1:$L$150)), 0), MATCH(TRUE, ISNUMBER(SEARCH(G$103, 'AC and RGM only'!$D$2:$J$2)), 0))} -> 0.56 | I108: {=INDEX('AC and RGM only'!$N$1:$T$150, MATCH(TRUE, ISNUMBER(SEARCH($B$108, 'AC and RGM only'!$L$1:$L$150)), 0), MATCH(TRUE, ISNUMBER(SEARCH(I$103, 'AC and RGM only'!$D$2:$J$2)), 0))} -> 0.7 | K108: {=INDEX('AC and RGM only'!$N$1:$T$150, MATCH(TRUE, ISNUMBER(SEARCH($B$108, 'AC and RGM only'!$L$1:$L$150)), 0), MATCH(TRUE, ISNUMBER(SEARCH(K$103, 'AC and RGM only'!$D$2:$J$2)), 0))} -> 1.05 | M108: {=INDEX('AC and RGM only'!$N$1:$T$150, MATCH(TRUE, ISNUMBER(SEARCH($B$108, 'AC and RGM only'!$L$1:$L$150)), 0), MATCH(TRUE, ISNUMBER(SEARCH(M$103, 'AC and RGM only'!$D$2:$J$2)), 0))} -> 0.94 | O108: {=INDEX('AC and RGM only'!$N$1:$T$150, MATCH(TRUE, ISNUMBER(SEARCH($B$108, 'AC and RGM only'!$L$1:$L$150)), 0), MATCH(TRUE, ISNUMBER(SEARCH(O$103, 'AC and RGM only'!$D$2:$J$2)), 0))} -> 0.85 | R108: =AVERAGE(C108:O108) -> 0.71714286
B109: CHIP NACHO | C109: {=INDEX('AC and RGM only'!$N$1:$T$150, MATCH(TRUE, ISNUMBER(SEARCH($B$109, 'AC and RGM only'!$L$1:$L$150)), 0), MATCH(TRUE, ISNUMBER(SEARCH(C$103, 'AC and RGM only'!$D$2:$J$2)), 0))} -> 0.34 | E109: {=INDEX('AC and RGM only'!$N$1:$T$150, MATCH(TRUE, ISNUMBER(SEARCH($B$109, 'AC and RGM only'!$L$1:$L$150)), 0), MATCH(TRUE, ISNUMBER(SEARCH(E$103, 'AC and RGM only'!$D$2:$J$2)), 0))} -> 0.48 | G109: {=INDEX('AC and RGM only'!$N$1:$T$150, MATCH(TRUE, ISNUMBER(SEARCH($B$109, 'AC and RGM only'!$L$1:$L$150)), 0), MATCH(TRUE, ISNUMBER(SEARCH(G$103, 'AC and RGM only'!$D$2:$J$2)), 0))} -> 0.37 | I109: {=INDEX('AC and RGM only'!$N$1:$T$150, MATCH(TRUE, ISNUMBER(SEARCH($B$109, 'AC and RGM only'!$L$1:$L$150)), 0), MATCH(TRUE, ISNUMBER(SEARCH(I$103, 'AC and RGM only'!$D$2:$J$2)), 0))} -> 0.51 | K109: {=INDEX('AC and RGM only'!$N$1:$T$150, MATCH(TRUE, ISNUMBER(SEARCH($B$109, 'AC and RGM only'!$L$1:$L$150)), 0), MATCH(TRUE, ISNUMBER(SEARCH(K$103, 'AC and RGM only'!$D$2:$J$2)), 0))} -> 0.93 | M109: {=INDEX('AC and RGM only'!$N$1:$T$150, MATCH(TRUE, ISNUMBER(SEARCH($B$109, 'AC and RGM only'!$L$1:$L$150)), 0), MATCH(TRUE, ISNUMBER(SEARCH(M$103, 'AC and RGM only'!$D$2:$J$2)), 0))} -> 0.99 | O109: {=INDEX('AC and RGM only'!$N$1:$T$150, MATCH(TRUE, ISNUMBER(SEARCH($B$109, 'AC and RGM only'!$L$1:$L$150)), 0), MATCH(TRUE, ISNUMBER(SEARCH(O$103, 'AC and RGM only'!$D$2:$J$2)), 0))} -> 1 | R109: =AVERAGE(C109:O109) -> 0.66
B110: BEEF | C110: {=INDEX('AC and RGM only'!$N3:$T152, MATCH(TRUE, ISNUMBER(SEARCH($B$110, 'AC and RGM only'!$L3:$L152)), 0), MATCH(TRUE, ISNUMBER(SEARCH(C$103, 'AC and RGM only'!$D$2:$J$2)), 0))} -> 0.94 | E110: {=INDEX('AC and RGM only'!$N3:$T152, MATCH(TRUE, ISNUMBER(SEARCH($B$110, 'AC and RGM only'!$L3:$L152)), 0), MATCH(TRUE, ISNUMBER(SEARCH(E$103, 'AC and RGM only'!$D$2:$J$2)), 0))} -> 1.14 | G110: {=INDEX('AC and RGM only'!$N3:$T152, MATCH(TRUE, ISNUMBER(SEARCH($B$110, 'AC and RGM only'!$L3:$L152)), 0), MATCH(TRUE, ISNUMBER(SEARCH(G$103, 'AC and RGM only'!$D$2:$J$2)), 0))} -> 1.23 | I110: {=INDEX('AC and RGM only'!$N3:$T152, MATCH(TRUE, ISNUMBER(SEARCH($B$110, 'AC and RGM only'!$L3:$L152)), 0), MATCH(TRUE, ISNUMBER(SEARCH(I$103, 'AC and RGM only'!$D$2:$J$2)), 0))} -> 1.47 | K110: {=INDEX('AC and RGM only'!$N3:$T152, MATCH(TRUE, ISNUMBER(SEARCH($B$110, 'AC and RGM only'!$L3:$L152)), 0), MATCH(TRUE, ISNUMBER(SEARCH(K$103, 'AC and RGM only'!$D$2:$J$2)), 0))} -> 2.28 | M110: {=INDEX('AC and RGM only'!$N3:$T152, MATCH(TRUE, ISNUMBER(SEARCH($B$110, 'AC and RGM only'!$L3:$L152)), 0), MATCH(TRUE, ISNUMBER(SEARCH(M$103, 'AC and RGM only'!$D$2:$J$2)), 0))} -> 2.08 | O110: {=INDEX('AC and RGM only'!$N3:$T152, MATCH(TRUE, ISNUMBER(SEARCH($B$110, 'AC and RGM only'!$L3:$L152)), 0), MATCH(TRUE, ISNUMBER(SEARCH(O$103, 'AC and RGM only'!$D$2:$J$2)), 0))} -> 1.97 | R110: =AVERAGE(C110:O110) -> 1.5871429
E112: WEEKLY THAWING BUILD TOS | O112: Data Range:
O113: =TRIM(RIGHT(SUBSTITUTE('AC and RGM only'!D2,CHAR(10),REPT(" ",100)),100)) & " to " & TRIM(RIGHT(SUBSTITUTE('AC and RGM only'!J2,CHAR(10),REPT(" ",100)),100)) -> 14-May-26 to 20-May-26
C115: MONDAY | H115: TUESDAY | M115: WEDNESDAY
C116: ITEM | E116: AMOUNT | H116: ITEM | J116: AMOUNT | M116: ITEM | O116: AMOUNT
C117: 12 INCHES | E117: =SUM(C104:H104) & " BOXES" -> 1.86 BOXES | H117: 12 INCHES | J117: =SUM(E104:J104) & " BOXES" -> 2.22 BOXES | M117: 12 INCHES | O117: =SUM(G104:L104) & " BOXES" -> 2.99 BOXES
C118: 10 INCHES | E118: =SUM(C105:H105) & " BOXES" -> 2.02 BOXES | H118: 10 INCHES | J118: =SUM(E105:J105) & " BOXES" -> 2.46 BOXES | M118: 10 INCHES | O118: =SUM(G105:L105) & " BOXES" -> 3.16 BOXES
C119: 6 INCHES | E119: =SUM(C106:H106) & " BOXES" -> 0.53 BOXES | H119: 6 INCHES | J119: =SUM(E106:J106) & " BOXES" -> 0.59 BOXES | M119: 6 INCHES | O119: =SUM(G106:L106) & " BOXES" -> 0.84 BOXES
C120: FLATBREADS | E120: =SUM(C107:H107) & " BOXES" -> 1.51 BOXES | H120: FLATBREADS | J120: =SUM(E107:J107) & " BOXES" -> 1.64 BOXES | M120: FLATBREADS | O120: =SUM(G107:L107) & " BOXES" -> 2.07 BOXES
C121: TOSTADAS | E121: =SUM(C108:H108) & " BOXES" -> 1.48 BOXES | H121: TOSTADAS | J121: =SUM(E108:J108) & " BOXES" -> 1.77 BOXES | M121: TOSTADAS | O121: =SUM(G108:L108) & " BOXES" -> 2.31 BOXES
C122: NACHO CHIPS | E122: =SUM(C109:H109) & " BOXES" -> 1.19 BOXES | H122: NACHO CHIPS | J122: =SUM(E109:J109) & " BOXES" -> 1.36 BOXES | M122: NACHO CHIPS | O122: =SUM(G109:L109) & " BOXES" -> 1.81 BOXES
C123: BEEF | E123: =ROUND(SUM(E110+G110+I110/2),1) & " BOXES" -> 3.1 BOXES | F123: =ROUND(SUM(E110+G110+I110/2)*8,0) & " BAGS" -> 25 BAGS | H123: BEEF | J123: =ROUND(SUM(G110+I110+K110/2),1)&" BOXES" -> 3.8 BOXES | K123: =ROUND(SUM(G110+I110+K110/2)*8,0) & " BAGS" -> 31 BAGS | M123: BEEF | O123: =ROUND(SUM(I110+K110+M110/2),1) & " BOXES" -> 4.8 BOXES | P123: =ROUND(SUM(I110+K110+M110/2)*8,0) & " BAGS" -> 38 BAGS
C125: THURSDAY | H125: FRIDAY | M125: SATURDAY
C126: ITEM | E126: AMOUNT | H126: ITEM | J126: AMOUNT | M126: ITEM | O126: AMOUNT
C127: 12 INCHES | E127: =SUM(I104:N104) & " BOXES" -> 3.59 BOXES | H127: 12 INCHES | J127: =SUM(K104:P104) & " BOXES" -> 4 BOXES | M127: 12 INCHES | O127: {=SUM(M104:P104+C104) & " BOXES"} -> 4.45 BOXES
C128: 10 INCHES | E128: =SUM(I105:N105) & " BOXES" -> 3.51 BOXES | H128: 10 INCHES | J128: =SUM(K105:P105) & " BOXES" -> 3.66 BOXES | M128: 10 INCHES | O128: {=SUM(M105:P105+C105) & " BOXES"} -> 4.69 BOXES
C129: 6 INCHES | E129: =SUM(I106:N106) & " BOXES" -> 0.88 BOXES | H129: 6 INCHES | J129: =SUM(K106:P106) & " BOXES" -> 1.03 BOXES | M129: 6 INCHES | O129: {=SUM(M106:P106+C106) & " BOXES"} -> 1.19 BOXES
...

Sheet DRY
F2: DRY STOCK BUILD TO GUIDE | M2: MMX item codes
B3: ORDER FORM CODE
E5: PER PACK | F5: ITEM | G5: 1 DAY USAGE | H5: ON HAND | I5: DAYS HOLDING | J5: ON ORDER | K5: 10 DAY BUILD TO | L5: NEED
B6: 100457 | C6: SAUCE FIRE 10X1KG | E6: 10 | F6: FIRE SAUCE | G6: =AVERAGE(_xlfn.XLOOKUP($B6,'AC and RGM only'!$K$1:$K$150,'AC and RGM only'!$N$1:$T$150)) -> 0.061428571 | H6: =VALUE((_xlfn.XLOOKUP("*"&($C6)&"*",'STOCK ON HAND'!$F$1:$F$200,'STOCK ON HAND'!$H$1:$H$200,,2))/$E6) -> 0.611 | I6: =IF($G6=0,0,($H6*1/$G6)) -> 9.9465116 | J6: =SUMIFS('STOCK ON ORDER'!$L$1:$L$200,'STOCK ON ORDER'!$H$1:$H$200,VALUE($M6)) -> 0 | K6: =G6*10 -> 0.61428571 | L6: =IF(I6>10,0,IFERROR(MAX(0,K6-H6-J6),0)) -> 0.0032857143 | M6: 100457
B7: 37995 | C7: BAG CHIPS LARGE | E7: 3000 | F7: LARGE CHIP BAGS | G7: =AVERAGE(_xlfn.XLOOKUP($B7,'AC and RGM only'!$K$1:$K$150,'AC and RGM only'!$N$1:$T$150)) -> 0.032857143 | H7: =VALUE((_xlfn.XLOOKUP("*"&($C7)&"*",'STOCK ON HAND'!$F$1:$F$200,'STOCK ON HAND'!$H$1:$H$200,,2))/$E7) -> 0.77933333 | I7: =IF($G7=0,0,($H7*1/$G7)) -> 23.718841 | J7: =SUMIFS('STOCK ON ORDER'!$L$2:$L$200,'STOCK ON ORDER'!$H$2:$H$200,$M7) -> 0 | K7: =G7*10 -> 0.32857143 | L7: =IF(I7>10,0,IFERROR(MAX(0,K7-H7-J7),0)) -> 0 | M7: 39944A
B8: 37993 | C8: BAG CHIPS REGULAR | E8: 3000 | F8: REGULAR CHIP BAGS | G8: =AVERAGE(_xlfn.XLOOKUP($B8,'AC and RGM only'!$K$1:$K$150,'AC and RGM only'!$N$1:$T$150)) -> 0.048571429 | H8: =VALUE((_xlfn.XLOOKUP("*"&($C8)&"*",'STOCK ON HAND'!$F$1:$F$200,'STOCK ON HAND'!$H$1:$H$200,,2))/$E8) -> 0.31983333 | I8: =IF($G8=0,0,($H8*1/$G8)) -> 6.5848039 | J8: =SUMIFS('STOCK ON ORDER'!$L$2:$L$200,'STOCK ON ORDER'!$H$2:$H$200,$M8) -> 1 | K8: =G8*10 -> 0.48571429 | L8: =IF(I8>10,0,IFERROR(MAX(0,K8-H8-J8),0)) -> 0 | M8: 39943A
B9: 37893 | C9: BAG CRUNCHWRAP | E9: 2000 | F9: CRUNCHWRAP BAGS | G9: =AVERAGE(_xlfn.XLOOKUP($B9,'AC and RGM only'!$K$1:$K$150,'AC and RGM only'!$N$1:$T$150)) -> 0.058571429 | H9: =VALUE((_xlfn.XLOOKUP("*"&($C9)&"*",'STOCK ON HAND'!$F$1:$F$200,'STOCK ON HAND'!$H$1:$H$200,,2))/$E9) -> 0.5005 | I9: =IF($G9=0,0,($H9*1/$G9)) -> 8.545122 | J9: =SUMIFS('STOCK ON ORDER'!$L$2:$L$200,'STOCK ON ORDER'!$H$2:$H$200,VALUE($M9)) -> 1 | K9: =G9*10 -> 0.58571429 | L9: =IF(I9>10,0,IFERROR(MAX(0,K9-H9-J9),0)) -> 0 | M9: 39942
B10: 37997 | C10: BAG NACHO CHIPS LARGE | E10: 2000 | F10: NACHO CHIP BAGS | G10: =AVERAGE(_xlfn.XLOOKUP($B10,'AC and RGM only'!$K$1:$K$150,'AC and RGM only'!$N$1:$T$150)) -> 0.052857143 | H10: =VALUE((_xlfn.XLOOKUP("*"&($C10)&"*",'STOCK ON HAND'!$F$1:$F$200,'STOCK ON HAND'!$H$1:$H$200,,2))/$E10) -> 0.8555 | I10: =IF($G10=0,0,($H10*1/$G10)) -> 16.185135 | J10: =SUMIFS('STOCK ON ORDER'!$L$2:$L$200,'STOCK ON ORDER'!$H$2:$H$200,VALUE($M10)) -> 0 | K10: =G10*10 -> 0.52857143 | L10: =IF(I10>10,0,IFERROR(MAX(0,K10-H10-J10),0)) -> 0 | M10: 39945
B11: 37991 | C11: BAG TAKEAWAY BROWN LARGE 2 | E11: 250 | F11: LARGE TAKEAWAY BAGS | G11: =AVERAGE(_xlfn.XLOOKUP($B11,'AC and RGM only'!$K$1:$K$150,'AC and RGM only'!$N$1:$T$150)) -> 0.20142857 | H11: =VALUE((_xlfn.XLOOKUP("*"&($C11)&"*",'STOCK ON HAND'!$F$1:$F$200,'STOCK ON HAND'!$H$1:$H$200,,2))/$E11) -> 1.00224 | I11: =IF($G11=0,0,($H11*1/$G11)) -> 4.9756596 | J11: =SUMIFS('STOCK ON ORDER'!$L$2:$L$200,'STOCK ON ORDER'!$H$2:$H$200,VALUE($M11)) -> 1 | K11: =G11*10 -> 2.0142857 | L11: =IF(I11>10,0,IFERROR(MAX(0,K11-H11-J11),0)) -> 0.012045714 | M11: 37991
B12: 37989 | C12: BAG TAKEAWAY BROWN MEDIUM | E12: 1000 | F12: MEDIUM TAKEAWAY BAGS | G12: =AVERAGE(_xlfn.XLOOKUP($B12,'AC and RGM only'!$K$1:$K$150,'AC and RGM only'!$N$1:$T$150)) -> 0.22571429 | H12: =VALUE((_xlfn.XLOOKUP("*"&($C12)&"*",'STOCK ON HAND'!$F$1:$F$200,'STOCK ON HAND'!$H$1:$H$200,,2))/$E12) -> 1.75085 | I12: =IF($G12=0,0,($H12*1/$G12)) -> 7.7569304 | J12: =SUMIFS('STOCK ON ORDER'!$L$2:$L$200,'STOCK ON ORDER'!$H$2:$H$200,VALUE($M12)) -> 1 | K12: =G12*10 -> 2.2571429 | L12: =IF(I12>10,0,IFERROR(MAX(0,K12-H12-J12),0)) -> 0 | M12: 37989
B13: 38892 | C13: BIG BELL BOX 2 | E13: 250 | F13: BIG BELL BOX | G13: =AVERAGE(_xlfn.XLOOKUP($B13,'AC and RGM only'!$K$1:$K$150,'AC and RGM only'!$N$1:$T$150)) -> 0.18285714 | H13: =VALUE((_xlfn.XLOOKUP("*"&($C13)&"*",'STOCK ON HAND'!$F$1:$F$200,'STOCK ON HAND'!$H$1:$H$200,,2))/$E13) -> 0.792 | I13: =IF($G13=0,0,($H13*1/$G13)) -> 4.33125 | J13: =SUMIFS('STOCK ON ORDER'!$L$2:$L$200,'STOCK ON ORDER'!$H$2:$H$200,VALUE($M13)) -> 3 | K13: =G13*20 -> 3.6571429 | L13: =IF(I13>10,0,IFERROR(MAX(0,K13-H13-J13),0)) -> 0 | M13: 38892
B14: 37872 | C14: CANTINA BROWN BOX | E14: 200 | F14: CANTINA BOX | G14: =AVERAGE(_xlfn.XLOOKUP($B14,'AC and RGM only'!$K$1:$K$150,'AC and RGM only'!$N$1:$T$150)) -> 0.18857143 | H14: =VALUE((_xlfn.XLOOKUP("*"&($C14)&"*",'STOCK ON HAND'!$F$1:$F$200,'STOCK ON HAND'!$H$1:$H$200,,2))/$E14) -> 1.145 | I14: =IF($G14=0,0,($H14*1/$G14)) -> 6.0719697 | J14: =SUMIFS('STOCK ON ORDER'!$L$2:$L$200,'STOCK ON ORDER'!$H$2:$H$200,VALUE($M14)) -> 1 | K14: =G14*10 -> 1.8857143 | L14: =IF(I14>10,0,IFERROR(MAX(0,K14-H14-J14),0)) -> 0 | M14: 40014
B15: 38352 | C15: CINNAMON TWISTS | E15: 10 | F15: CINNAMON TWISTS | G15: =AVERAGE(_xlfn.XLOOKUP($B15,'AC and RGM only'!$K$1:$K$150,'AC and RGM only'!$N$1:$T$150)) -> 0.0071428571 | H15: =VALUE((_xlfn.XLOOKUP("*"&($C15)&"*",'STOCK ON HAND'!$F$1:$F$200,'STOCK ON HAND'!$H$1:$H$200,,2))/$E15) -> 0.055 | I15: =IF($G15=0,0,($H15*1/$G15)) -> 7.7 | J15: =SUMIFS('STOCK ON ORDER'!$L$2:$L$200,'STOCK ON ORDER'!$H$2:$H$200,$M15) -> 0 | K15: =G15*10 -> 0.071428571 | L15: =IF(I15>10,0,IFERROR(MAX(0,K15-H15-J15),0)) -> 0.016428571 | M15: 40062A
B16: 37378 | C16: CUP FCB 590 ML CH | E16: 1000 | F16: FROZEN CUPS | G16: =AVERAGE(_xlfn.XLOOKUP($B16,'AC and RGM only'!$K$1:$K$150,'AC and RGM only'!$N$1:$T$150)) -> 0.015714286 | H16: =VALUE((_xlfn.XLOOKUP("*"&($C16)&"*",'STOCK ON HAND'!$F$1:$F$200,'STOCK ON HAND'!$H$1:$H$200,,2))/$E16) -> 0.112 | I16: =IF($G16=0,0,($H16*1/$G16)) -> 7.1272727 | J16: =SUMIFS('STOCK ON ORDER'!$L$2:$L$200,'STOCK ON ORDER'!$H$2:$H$200,VALUE($M16)) -> 1 | K16: =G16*10 -> 0.15714286 | L16: =IF(I16>10,0,IFERROR(MAX(0,K16-H16-J16),0)) -> 0 | M16: 507876
B17: 37856 | C17: CUP POSTMIX LARGE | E17: 1000 | F17: LARGE CUPS | G17: =AVERAGE(_xlfn.XLOOKUP($B17,'AC and RGM only'!$K$1:$K$150,'AC and RGM only'!$N$1:$T$150)) -> 0.068571429 | H17: =VALUE((_xlfn.XLOOKUP("*"&($C17)&"*",'STOCK ON HAND'!$F$1:$F$200,'STOCK ON HAND'!$H$1:$H$200,,2))/$E17) -> 1.023 | I17: =IF($G17=0,0,($H17*1/$G17)) -> 14.91875 | J17: =SUMIFS('STOCK ON ORDER'!$L$2:$L$200,'STOCK ON ORDER'!$H$2:$H$200,VALUE($M17)) -> 0 | K17: =G17*10 -> 0.68571429 | L17: =IF(I17>10,0,IFERROR(MAX(0,K17-H17-J17),0)) -> 0 | M17: 38891
B18: 37854 | C18: CUP POSTMIX REGULAR | E18: 1000 | F18: REGULAR CUPS | G18: =AVERAGE(_xlfn.XLOOKUP($B18,'AC and RGM only'!$K$1:$K$150,'AC and RGM only'!$N$1:$T$150)) -> 0.10571429 | H18: =VALUE((_xlfn.XLOOKUP("*"&($C18)&"*",'STOCK ON HAND'!$F$1:$F$200,'STOCK ON HAND'!$H$1:$H$200,,2))/$E18) -> 0.614 | I18: =IF($G18=0,0,($H18*1/$G18)) -> 5.8081081 | J18: =SUMIFS('STOCK ON ORDER'!$L$2:$L$200,'STOCK ON ORDER'!$H$2:$H$200,VALUE($M18)) -> 1 | K18: =G18*10 -> 1.0571429 | L18: =IF(I18>10,0,IFERROR(MAX(0,K18-H18-J18),0)) -> 0 | M18: 38890
B19: 11172 | C19: DESSERT CHOCETTES | E19: 5 | F19: CHOC CHIPS | G19: =AVERAGE(_xlfn.XLOOKUP($B19,'AC and RGM only'!$K$1:$K$150,'AC and RGM only'!$N$1:$T$150)) -> 0.06 | H19: =VALUE((_xlfn.XLOOKUP("*"&($C19)&"*",'STOCK ON HAND'!$F$1:$F$200,'STOCK ON HAND'!$H$1:$H$200,,2))/$E19) -> 0.726 | I19: =IF($G19=0,0,($H19*1/$G19)) -> 12.1 | J19: =SUMIFS('STOCK ON ORDER'!$L$2:$L$200,'STOCK ON ORDER'!$H$2:$H$200,VALUE($M19)) -> 0 | K19: =G19*10 -> 0.6 | L19: =IF(I19>10,0,IFERROR(MAX(0,K19-H19-J19),0)) -> 0 | M19: 38088
B20: 20295 | C20: JALAPENO | E20: =6*2.3 -> 13.8 | F20: JALAPENOS | G20: =AVERAGE(_xlfn.XLOOKUP($B20,'AC and RGM only'!$K$1:$K$150,'AC and RGM only'!$N$1:$T$150)) -> 0.0057142857 | H20: =VALUE((_xlfn.XLOOKUP("*"&($C20)&"*",'STOCK ON HAND'!$F$1:$F$200,'STOCK ON HAND'!$H$1:$H$200,,2))/$E20) -> 0.64855072 | I20: =IF($G20=0,0,($H20*1/$G20)) -> 113.49638 | J20: =SUMIFS('STOCK ON ORDER'!$L$2:$L$200,'STOCK ON ORDER'!$H$2:$H$200,VALUE($M20)) -> 0 | K20: =G20*10 -> 0.057142857 | L20: =IF(I20>10,0,IFERROR(MAX(0,K20-H20-J20),0)) -> 0 | M20: 40003
B21: 13735 | C21: LID POSTMIX | E21: 1000 | F21: LIDS POSTMIX | G21: =AVERAGE(_xlfn.XLOOKUP($B21,'AC and RGM only'!$K$1:$K$150,'AC and RGM only'!$N$1:$T$150)) -> 0.17142857 | H21: =VALUE((_xlfn.XLOOKUP("*"&($C21)&"*",'STOCK ON HAND'!$F$1:$F$200,'STOCK ON HAND'!$H$1:$H$200,,2))/$E21) -> 2.037 | I21: =IF($G21=0,0,($H21*1/$G21)) -> 11.8825 | J21: =SUMIFS('STOCK ON ORDER'!$L$2:$L$200,'STOCK ON ORDER'!$H$2:$H$200,VALUE($M21)) -> 0 | K21: =G21*10 -> 1.7142857 | L21: =IF(I21>10,0,IFERROR(MAX(0,K21-H21-J21),0)) -> 0 | M21: 38894
B22: 37380 | C22: LID FCB DOME 590 ML CH | E22: 1000 | F22: LIDS FROZEN | G22: =AVERAGE(_xlfn.XLOOKUP($B22,'AC and RGM only'!$K$1:$K$150,'AC and RGM only'!$N$1:$T$150)) -> 0.015714286 | H22: =VALUE((_xlfn.XLOOKUP("*"&($C22)&"*",'STOCK ON HAND'!$F$1:$F$200,'STOCK ON HAND'!$H$1:$H$200,,2))/$E22) -> 1.512 | I22: =IF($G22=0,0,($H22*1/$G22)) -> 96.218182 | J22: =SUMIFS('STOCK ON ORDER'!$L$2:$L$200,'STOCK ON ORDER'!$H$2:$H$200,VALUE($M22)) -> 0 | K22: =G22*10 -> 0.15714286 | L22: =IF(I22>10,0,IFERROR(MAX(0,K22-H22-J22),0)) -> 0 | M22: 507877
B23: 36549 | C23: NAPKINS BROWN RECYCLE | E23: 6000 | F23: NAPKINS | G23: =AVERAGE(_xlfn.XLOOKUP($B23,'AC and RGM only'!$K$1:$K$150,'AC and RGM only'!$N$1:$T$150)) -> 0.11285714 | H23: =VALUE((_xlfn.XLOOKUP("*"&($C23)&"*",'STOCK ON HAND'!$F$1:$F$200,'STOCK ON HAND'!$H$1:$H$200,,2))/$E23) -> 0.30533333 | I23: =IF($G23=0,0,($H23*1/$G23)) -> 2.7054852 | J23: =SUMIFS('STOCK ON ORDER'!$L$2:$L$200,'STOCK ON ORDER'!$H$2:$H$200,VALUE($M23)) -> 1 | K23: =G23*10 -> 1.1285714 | L23: =IF(I23>10,0,IFERROR(MAX(0,K23-H23-J23),0)) -> 0 | M23: 38050
B24: 37915 | C24: RICE LONG GRAIN WHITE | E24: 10 | F24: RICE | G24: =AVERAGE(_xlfn.XLOOKUP($B24,'AC and RGM only'!$K$1:$K$150,'AC and RGM only'!$N$1:$T$150)) -> 0.32285714 | H24: =VALUE((_xlfn.XLOOKUP("*"&($C24)&"*",'STOCK ON HAND'!$F$1:$F$200,'STOCK ON HAND'!$H$1:$H$200,,2))/$E24) -> 1.167 | I24: =IF($G24=0,0,($H24*1/$G24)) -> 3.6146018 | J24: =SUMIFS('STOCK ON ORDER'!$L$2:$L$200,'STOCK ON ORDER'!$H$2:$H$200,$M24) -> 2 | K24: =G24*10 -> 3.2285714 | L24: =IF(I24>10,0,IFERROR(MAX(0,K24-H24-J24),0)) -> 0.061571429 | M24: 37915A
B25: 37870 | C25: SAUCE CHILLI MILD | E25: 10 | F25: MILD SAUCE | G25: =AVERAGE(_xlfn.XLOOKUP($B25,'AC and RGM only'!$K$1:$K$150,'AC and RGM only'!$N$1:$T$150)) -> 0.19285714 | H25: =VALUE((_xlfn.XLOOKUP("*"&($C25)&"*",'STOCK ON HAND'!$F$1:$F$200,'STOCK ON HAND'!$H$1:$H$200,,2))/$E25) -> 1.349 | I25: =IF($G25=0,0,($H25*1/$G25)) -> 6.9948148 | J25: =SUMIFS('STOCK ON ORDER'!$L$2:$L$200,'STOCK ON ORDER'!$H$2:$H$200,VALUE($M25)) -> 1 | K25: =G25*10 -> 1.9285714 | L25: =IF(I25>10,0,IFERROR(MAX(0,K25-H25-J25),0)) -> 0 | M25: 37870
B26: 37883 | C26: SAUCE CHOCOLATE DA VINCI | E26: 6 | F26: CHOC SAUCE | G26: =AVERAGE(_xlfn.XLOOKUP($B26,'AC and RGM only'!$K$1:$K$150,'AC and RGM only'!$N$1:$T$150)) -> 0.038571429 | H26: =VALUE((_xlfn.XLOOKUP("*"&($C26)&"*",'STOCK ON HAND'!$F$1:$F$200,'STOCK ON HAND'!$H$1:$H$200,,2))/$E26) -> 0.895 | I26: =IF($G26=0,0,($H26*1/$G26)) -> 23.203704 | J26: =SUMIFS('STOCK ON ORDER'!$L$2:$L$200,'STOCK ON ORDER'!$H$2:$H$200,VALUE($M26)) -> 0 | K26: =G26*10 -> 0.38571429 | L26: =IF(I26>10,0,IFERROR(MAX(0,K26-H26-J26),0)) -> 0 | M26: 38163
B27: 37883 | C27: SAUCE CHOCOLATE DA VINCI | E27: 6 | F27: CHOC SAUCE | G27: =AVERAGE(_xlfn.XLOOKUP($B27,'AC and RGM only'!$K$1:$K$150,'AC and RGM only'!$N$1:$T$150)) -> 0.038571429 | H27: =VALUE((_xlfn.XLOOKUP("*"&($C27)&"*",'STOCK ON HAND'!$F$1:$F$200,'STOCK ON HAND'!$H$1:$H$200,,2))/$E27) -> 0.895 | I27: =IF($G27=0,0,($H27*1/$G27)) -> 23.203704 | J27: =SUMIFS('STOCK ON ORDER'!$L$2:$L$200,'STOCK ON ORDER'!$H$2:$H$200,$M27) -> 0 | K27: =G27*10 -> 0.38571429 | L27: =IF(I27>10,0,IFERROR(MAX(0,K27-H27-J27),0)) -> 0 | M27: 38163A
B28: 37907 | C28: SEASONING MEXICAN RICE | E28: 10 | F28: MEX SEASONING | G28: =AVERAGE(_xlfn.XLOOKUP($B28,'AC and RGM only'!$K$1:$K$150,'AC and RGM only'!$N$1:$T$150)) -> 0.10857143 | H28: =VALUE((_xlfn.XLOOKUP("*"&($C28)&"*",'STOCK ON HAND'!$F$1:$F$200,'STOCK ON HAND'!$H$1:$H$200,,2))/$E28) -> 1.123 | I28: =IF($G28=0,0,($H28*1/$G28)) -> 10.343421 | J28: =SUMIFS('STOCK ON ORDER'!$L$2:$L$200,'STOCK ON ORDER'!$H$2:$H$200,VALUE($M28)) -> 0 | K28: =G28*10 -> 1.0857143 | L28: =IF(I28>10,0,IFERROR(MAX(0,K28-H28-J28),0)) -> 0 | M28: 39054
B29: 39185 | C29: STRAW PAPER KFC | E29: 4000 | F29: STRAWS | G29: =AVERAGE(_xlfn.XLOOKUP($B29,'AC and RGM only'!$K$1:$K$150,'AC and RGM only'!$N$1:$T$150)) -> 0.048571429 | H29: =VALUE((_xlfn.XLOOKUP("*"&($C29)&"*",'STOCK ON HAND'!$F$1:$F$200,'STOCK ON HAND'!$H$1:$H$200,,2))/$E29) -> 1.081 | I29: =IF($G29=0,0,($H29*1/$G29)) -> 22.255882 | J29: =SUMIFS('STOCK ON ORDER'!$L$2:$L$200,'STOCK ON ORDER'!$H$2:$H$200,VALUE($M29)) -> 0 | K29: =G29*10 -> 0.48571429 | L29: =IF(I29>10,0,IFERROR(MAX(0,K29-H29-J29),0)) -> 0 | M29: 507516
B30: 34210 | C30: SUGAR CINNAMON 5KG | E30: =5*2.5 -> 12.5 | F30: CINNAMON SUGAR | G30: =AVERAGE(_xlfn.XLOOKUP($B30,'AC and RGM only'!$K$1:$K$150,'AC and RGM only'!$N$1:$T$150)) -> 0.0085714286 | H30: =VALUE((_xlfn.XLOOKUP("*"&($C30)&"*",'STOCK ON HAND'!$F$1:$F$200,'STOCK ON HAND'!$H$1:$H$200,,2))/$E30) -> 0.5784 | I30: =IF($G30=0,0,($H30*1/$G30)) -> 67.48 | J30: =SUMIFS('STOCK ON ORDER'!$L$2:$L$200,'STOCK ON ORDER'!$H$2:$H$200,VALUE($M30)) -> 0 | K30: =G30*10 -> 0.085714286 | L30: =IF(I30>10,0,IFERROR(MAX(0,K30-H30-J30),0)) -> 0 | M30: 40037
B31: 39744 | C31: DIPPING CUP 60ML | E31: 1000 | F31: DIPPING CUPS | G31: =AVERAGE(_xlfn.XLOOKUP($B31,'AC and RGM only'!$K$1:$K$150,'AC and RGM only'!$N$1:$T$150)) -> 0.16142857 | H31: =VALUE((_xlfn.XLOOKUP("*"&($C31)&"*",'STOCK ON HAND'!$F$1:$F$200,'STOCK ON HAND'!$H$1:$H$200,,2))/$E31) -> 0.87 | I31: =IF($G31=0,0,($H31*1/$G31)) -> 5.3893805 | J31: =SUMIFS('STOCK ON ORDER'!$L$2:$L$200,'STOCK ON ORDER'!$H$2:$H$200,VALUE($M31)) -> 1 | K31: =G31*10 -> 1.6142857 | L31: =IF(I31>10,0,IFERROR(MAX(0,K31-H31-J31),0)) -> 0 | M31: 39744
B32: 39746 | C32: LID CLEAR 60ML DIPPING CUP | E32: 1000 | F32: DIPPING CUP LIDS | G32: =AVERAGE(_xlfn.XLOOKUP($B32,'AC and RGM only'!$K$1:$K$150,'AC and RGM only'!$N$1:$T$150)) -> 0.16142857 | H32: =VALUE((_xlfn.XLOOKUP("*"&($C32)&"*",'STOCK ON HAND'!$F$1:$F$200,'STOCK ON HAND'!$H$1:$H$200,,2))/$E32) -> 1.4 | I32: =IF($G32=0,0,($H32*1/$G32)) -> 8.6725664 | J32: =SUMIFS('STOCK ON ORDER'!$L$2:$L$200,'STOCK ON ORDER'!$H$2:$H$200,VALUE($M32)) -> 0 | K32: =G32*10 -> 1.6142857 | L32: =IF(I32>10,0,IFERROR(MAX(0,K32-H32-J32),0)) -> 0.21428571 | M32: 39746
B33: 39769 | C33: WOODEN FORK | E33: 1000 | F33: FORKS | G33: =AVERAGE(_xlfn.XLOOKUP($B33,'AC and RGM only'!$K$1:$K$150,'AC and RGM only'!$N$1:$T$150)) -> 0.035714286 | H33: =VALUE((_xlfn.XLOOKUP("*"&($C33)&"*",'STOCK ON HAND'!$F$1:$F$200,'STOCK ON HAND'!$H$1:$H$200,,2))/$E33) -> 0.319 | I33: =IF($G33=0,0,($H33*1/$G33)) -> 8.932 | J33: =SUMIFS('STOCK ON ORDER'!$L$2:$L$200,'STOCK ON ORDER'!$H$2:$H$200,VALUE($M33)) -> 0 | K33: =G33*10 -> 0.35714286 | L33: =IF(I33>10,0,IFERROR(MAX(0,K33-H33-J33),0)) -> 0.038142857 | M33: 39748
B34: 13529 | C34: TRAYS DRINKS 4 CUP | E34: 100 | F34: DRINK TRAYS | G34: 0.01 | H34: =VALUE((_xlfn.XLOOKUP("*"&($C34)&"*",'STOCK ON HAND'!$F$1:$F$200,'STOCK ON HAND'!$H$1:$H$200,,2))/$E34) -> -0.313 | I34: =IF($G34=0,0,($H34*1/$G34)) -> -31.3 | J34: =SUMIFS('STOCK ON ORDER'!$L$2:$L$200,'STOCK ON ORDER'!$H$2:$H$200,VALUE($M34)) -> 0 | K34: =G34*10 -> 0.1 | L34: =IF(I34>10,0,IFERROR(MAX(0,K34-H34-J34),0)) -> 0.413 | M34: 505798
B35: 37901 | C35: WRAP LARGE WHITE PRINTED | E35: 3000 | F35: LARGE WRAPS | G35: =AVERAGE(_xlfn.XLOOKUP($B35,'AC and RGM only'!$K$1:$K$150,'AC and RGM only'!$N$1:$T$150)) -> 0.091428571 | H35: =VALUE((_xlfn.XLOOKUP("*"&($C35)&"*",'STOCK ON HAND'!$F$1:$F$200,'STOCK ON HAND'!$H$1:$H$200,,2))/$E35) -> 0.23733333 | I35: =IF($G35=0,0,($H35*1/$G35)) -> 2.5958333 | J35: =SUMIFS('STOCK ON ORDER'!$L$2:$L$200,'STOCK ON ORDER'!$H$2:$H$200,VALUE($M35)) -> 1 | K35: =G35*10 -> 0.91428571 | L35: =IF(I35>10,0,IFERROR(MAX(0,K35-H35-J35),0)) -> 0 | M35: 37901
B36: 37921 | C36: WRAP SMALL WHITE PRINTED | E36: 3000 | F36: SMALL WRAPS | G36: =AVERAGE(_xlfn.XLOOKUP($B36,'AC and RGM only'!$K$1:$K$150,'AC and RGM only'!$N$1:$T$150)) -> 0.054285714 | H36: =VALUE((_xlfn.XLOOKUP("*"&($C36)&"*",'STOCK ON HAND'!$F$1:$F$200,'STOCK ON HAND'!$H$1:$H$200,,2))/$E36) -> 1.3376667 | I36: =IF($G36=0,0,($H36*1/$G36)) -> 24.641228 | J36: =SUMIFS('STOCK ON ORDER'!$L$2:$L$200,'STOCK ON ORDER'!$H$2:$H$200,VALUE($M36)) -> 0 | K36: =G36*10 -> 0.54285714 | L36: =IF(I36>10,0,IFERROR(MAX(0,K36-H36-J36),0)) -> 0 | M36: 37921
B37: 37999 | C37: WRAP WASTE WHITE UNPRINTED | E37: 5000 | F37: WASTE WRAPS | G37: =AVERAGE(_xlfn.XLOOKUP($B37,'AC and RGM only'!$K$1:$K$150,'AC and RGM only'!$N$1:$T$150)) -> 0.10142857 | H37: =VALUE((_xlfn.XLOOKUP("*"&($C37)&"*",'STOCK ON HAND'!$F$1:$F$200,'STOCK ON HAND'!$H$1:$H$200,,2))/$E37) -> 1.4522 | I37: =IF($G37=0,0,($H37*1/$G37)) -> 14.317465 | J37: =SUMIFS('STOCK ON ORDER'!$L$2:$L$200,'STOCK ON ORDER'!$H$2:$H$200,VALUE($M37)) -> 0 | K37: =G37*10 -> 1.0142857 | L37: =IF(I37>10,0,IFERROR(MAX(0,K37-H37-J37),0)) -> 0 | M37: 37999

Sheet FRIDGE & FREEZER
E2: FREEZER BUILD TO GUIDE | L2: MMX item codes
B3: ORDER FORM CODE
D5: PER PACK | E5: ITEM | F5: 1 DAY USAGE | G5: ON HAND | H5: DAYS HOLDING | I5: ON ORDER | J5: 10 DAY BUILD TO | K5: NEED
A6: =IFERROR(VLOOKUP($B6,'AC and RGM only'!$K$2:$L$250,2,FALSE),"") -> CHICKEN CRISPY | B6: 40303 | D6: =6*41 -> 246 | E6: CRISPY CHICKEN | F6: =AVERAGE(_xlfn.XLOOKUP($B6,'AC and RGM only'!$K$1:$K$150,'AC and RGM only'!$N$1:$T$150)) -> 0.35857143 | G6: {=_xlfn.XLOOKUP($B6,VALUE('STOCK ON HAND'!$E$1:$E$200),'STOCK ON HAND'!$H$1:$H$200,0)/D6} -> 1.1300813 | H6: =IF($F6=0,0,($G6*1/$F6)) -> 3.1516212 | I6: =SUMIFS('STOCK ON ORDER'!$L$2:$L$200,'STOCK ON ORDER'!$H$2:$H$200,VALUE($L6)) -> 2 | J6: =F6*10 -> 3.5857143 | K6: =IF(H6>10,0,IFERROR(MAX(0,J6-G6-I6),0)) -> 0.45563298 | L6: 40303
A7: =IFERROR(VLOOKUP($B7,'AC and RGM only'!$K$2:$L$250,2,FALSE),"") -> BEANS BLACK COOKED | B7: 37862 | D7: 12 | E7: BLACK BEAN | F7: =AVERAGE(_xlfn.XLOOKUP($B7,'AC and RGM only'!$K$1:$K$150,'AC and RGM only'!$N$1:$T$150)) -> 0.60285714 | G7: {=_xlfn.XLOOKUP($B7,VALUE('STOCK ON HAND'!$E$1:$E$200),'STOCK ON HAND'!$H$1:$H$200,0)/D7} -> 0.4 | H7: =IF($F7=0,0,($G7*1/$F7)) -> 0.66350711 | I7: =SUMIFS('STOCK ON ORDER'!$L$2:$L$200,'STOCK ON ORDER'!$H$2:$H$200,$L7) -> 5 | J7: =F7*10 -> 6.0285714 | K7: =IF(H7>10,0,IFERROR(MAX(0,J7-G7-I7),0)) -> 0.62857143 | L7: 38246A
A8: =IFERROR(VLOOKUP($B8,'AC and RGM only'!$K$2:$L$250,2,FALSE),"") -> CHIP NACHO CORN | B8: 37887 | D8: 4.5 | E8: NACHO CHIPS (Inc Thawed) | F8: =AVERAGE(_xlfn.XLOOKUP($B8,'AC and RGM only'!$K$1:$K$150,'AC and RGM only'!$N$1:$T$150)) -> 0.66 | G8: {=_xlfn.XLOOKUP($B8,VALUE('STOCK ON HAND'!$E$1:$E$200),'STOCK ON HAND'!$H$1:$H$200,0)/D8} -> 3.7066667 | H8: =IF($F8=0,0,($G8*1/$F8)) -> 5.6161616 | I8: =SUMIFS('STOCK ON ORDER'!$L$2:$L$200,'STOCK ON ORDER'!$H$2:$H$200,VALUE($L8)) -> 5 | J8: =F8*13 -> 8.58 | K8: =IF(H8>13,0,IFERROR(MAX(0,J8-G8-I8),0)) -> 0 | L8: 39009
A9: =IFERROR(VLOOKUP($B9,'AC and RGM only'!$K$2:$L$250,2,FALSE),"") -> CHURROS MINI | B9: 37897 | D9: 72 | E9: CHURROS | F9: =AVERAGE(_xlfn.XLOOKUP($B9,'AC and RGM only'!$K$1:$K$150,'AC and RGM only'!$N$1:$T$150)) -> 0.39428571 | G9: {=_xlfn.XLOOKUP($B9,VALUE('STOCK ON HAND'!$E$1:$E$200),'STOCK ON HAND'!$H$1:$H$200,0)/D9} -> 3.1944444 | H9: =IF($F9=0,0,($G9*1/$F9)) -> 8.1018519 | I9: =SUMIFS('STOCK ON ORDER'!$L$2:$L$200,'STOCK ON ORDER'!$H$2:$H$200,VALUE($L9)) -> 0 | J9: =F9*10 -> 3.9428571 | K9: =IF(H9>10,0,IFERROR(MAX(0,J9-G9-I9),0)) -> 0.7484127 | L9: 37897
A10: =IFERROR(VLOOKUP($B10,'AC and RGM only'!$K$2:$L$250,2,FALSE),"") -> FLATBREAD | B10: 37895 | D10: =24*6 -> 144 | E10: FLAT BREAD (Inc Thawed) | F10: =AVERAGE(_xlfn.XLOOKUP($B10,'AC and RGM only'!$K$1:$K$150,'AC and RGM only'!$N$1:$T$150)) -> 0.64714286 | G10: {=_xlfn.XLOOKUP($B10,VALUE('STOCK ON HAND'!$E$1:$E$200),'STOCK ON HAND'!$H$1:$H$200,0)/D10} -> 3.1388889 | H10: =IF($F10=0,0,($G10*1/$F10)) -> 4.8503802 | I10: =SUMIFS('STOCK ON ORDER'!$L$2:$L$200,'STOCK ON ORDER'!$H$2:$H$200,VALUE($L10)) -> 5 | J10: =F10*13 -> 8.4128571 | K10: =IF(H10>13,0,IFERROR(MAX(0,J10-G10-I10),0)) -> 0.27396825 | L10: 38620
A11: =IFERROR(VLOOKUP($B11,'AC and RGM only'!$K$2:$L$250,2,FALSE),"") -> FRIES SURECRISP | B11: 15049 | D11: 12 | E11: FRIES SUPERCRISP | F11: =AVERAGE(_xlfn.XLOOKUP($B11,'AC and RGM only'!$K$1:$K$150,'AC and RGM only'!$N$1:$T$150)) -> 4.48 | G11: {=_xlfn.XLOOKUP($B11,VALUE('STOCK ON HAND'!$E$1:$E$200),'STOCK ON HAND'!$H$1:$H$200,0)/D11} -> 22.9775 | H11: =IF($F11=0,0,($G11*1/$F11)) -> 5.1289062 | I11: =SUMIFS('STOCK ON ORDER'!$L$2:$L$200,'STOCK ON ORDER'!$H$2:$H$200,VALUE($L11)) -> 28 | J11: =F11*13 -> 58.24 | K11: =IF(H11>10,0,IFERROR(MAX(0,J11-G11-I11),0)) -> 7.2625 | L11: 40109
A12: =IFERROR(VLOOKUP($B12,'AC and RGM only'!$K$2:$L$250,2,FALSE),"") -> GUACAMOLE | B12: 14791 | D12: =6*1.5 -> 9 | E12: GUACAMOLE | F12: =AVERAGE(_xlfn.XLOOKUP($B12,'AC and RGM only'!$K$1:$K$150,'AC and RGM only'!$N$1:$T$150)) -> 0.24 | G12: {=_xlfn.XLOOKUP($B12,VALUE('STOCK ON HAND'!$E$1:$E$200),'STOCK ON HAND'!$H$1:$H$200,0)/D12} -> 1.8077778 | H12: =IF($F12=0,0,($G12*1/$F12)) -> 7.5324074 | I12: =SUMIFS('STOCK ON ORDER'!$L$2:$L$200,'STOCK ON ORDER'!$H$2:$H$200,VALUE($L12)) -> 1 | J12: =F12*10 -> 2.4 | K12: =IF(H12>10,0,IFERROR(MAX(0,J12-G12-I12),0)) -> 0 | L12: 14791
A13: =IFERROR(VLOOKUP($B13,'AC and RGM only'!$K$2:$L$250,2,FALSE),"") -> MEAT BEEF COOKED | B13: 39520 | D13: =8*1.85 -> 14.8 | E13: BEEF (Inc Thawed) | F13: =AVERAGE(_xlfn.XLOOKUP($B13,'AC and RGM only'!$K$1:$K$150,'AC and RGM only'!$N$1:$T$150)) -> 1.5871429 | G13: {=_xlfn.XLOOKUP($B13,VALUE('STOCK ON HAND'!$E$1:$E$200),'STOCK ON HAND'!$H$1:$H$200,0)/D13} -> 7.8587838 | H13: =IF($F13=0,0,($G13*1/$F13)) -> 4.9515289 | I13: =SUMIFS('STOCK ON ORDER'!$L$2:$L$200,'STOCK ON ORDER'!$H$2:$H$200,VALUE($L13)) -> 10 | J13: =F13*13 -> 20.632857 | K13: =IF(H13>13,0,IFERROR(MAX(0,J13-G13-I13),0)) -> 2.7740734 | L13: 39520
A14: =IFERROR(VLOOKUP($B14,'AC and RGM only'!$K$2:$L$250,2,FALSE),"") -> MEAT CHICKEN COOKED | B14: 39139 | D14: 6 | E14: CHICKEN | F14: =AVERAGE(_xlfn.XLOOKUP($B14,'AC and RGM only'!$K$1:$K$150,'AC and RGM only'!$N$1:$T$150)) -> 1.6157143 | G14: {=_xlfn.XLOOKUP($B14,VALUE('STOCK ON HAND'!$E$1:$E$200),'STOCK ON HAND'!$H$1:$H$200,0)/D14} -> 3.83 | H14: =IF($F14=0,0,($G14*1/$F14)) -> 2.3704686 | I14: =SUMIFS('STOCK ON ORDER'!$L$2:$L$200,'STOCK ON ORDER'!$H$2:$H$200,$L14) -> 10 | J14: =F14*10 -> 16.157143 | K14: =IF(H14>10,0,IFERROR(MAX(0,J14-G14-I14),0)) -> 2.3271429 | L14: 39867A
A15: =IFERROR(VLOOKUP($B15,'AC and RGM only'!$K$2:$L$250,2,FALSE),"") -> TORTILLA CORN 6 INCH | B15: 37891 | D15: =12*36 -> 432 | E15: TOSTADAS (Inc Thawed) | F15: =AVERAGE(_xlfn.XLOOKUP($B15,'AC and RGM only'!$K$1:$K$150,'AC and RGM only'!$N$1:$T$150)) -> 0.71714286 | G15: {=_xlfn.XLOOKUP($B15,VALUE('STOCK ON HAND'!$E$1:$E$200),'STOCK ON HAND'!$H$1:$H$200,0)/D15} -> 3.2106481 | H15: =IF($F15=0,0,($G15*1/$F15)) -> 4.4769994 | I15: =SUMIFS('STOCK ON ORDER'!$L$2:$L$200,'STOCK ON ORDER'!$H$2:$H$200,VALUE($L15)) -> 5 | J15: =F15*13 -> 9.3228571 | K15: =IF(H15>13,0,IFERROR(MAX(0,J15-G15-I15),0)) -> 1.112209 | L15: 37891
A16: =IFERROR(VLOOKUP($B16,'AC and RGM only'!$K$2:$L$250,2,FALSE),"") -> TORTILLA FLOUR 10.25INCH | B16: 37923 | D16: =12*12 -> 144 | E16: 10.25" TORTS (Inc Thawed) | F16: =AVERAGE(_xlfn.XLOOKUP($B16,'AC and RGM only'!$K$1:$K$150,'AC and RGM only'!$N$1:$T$150)) -> 0.95857143 | G16: {=_xlfn.XLOOKUP($B16,VALUE('STOCK ON HAND'!$E$1:$E$200),'STOCK ON HAND'!$H$1:$H$200,0)/D16} -> 5.2361111 | H16: =IF($F16=0,0,($G16*1/$F16)) -> 5.462411 | I16: =SUMIFS('STOCK ON ORDER'!$L$2:$L$200,'STOCK ON ORDER'!$H$2:$H$200,VALUE($L16)) -> 6 | J16: =F16*13 -> 12.461429 | K16: =IF(H16>13,0,IFERROR(MAX(0,J16-G16-I16),0)) -> 1.2253175 | L16: 37923
A17: =IFERROR(VLOOKUP($B17,'AC and RGM only'!$K$2:$L$250,2,FALSE),"") -> TORTILLA FLOUR 12INCH | B17: 37925 | D17: 144 | E17: 12" TORTS (Inc Thawed) | F17: =AVERAGE(_xlfn.XLOOKUP($B17,'AC and RGM only'!$K$1:$K$150,'AC and RGM only'!$N$1:$T$150)) -> 0.95857143 | G17: {=_xlfn.XLOOKUP($B17,VALUE('STOCK ON HAND'!$E$1:$E$200),'STOCK ON HAND'!$H$1:$H$200,0)/D17} -> 3.3333333 | H17: =IF($F17=0,0,($G17*1/$F17)) -> 3.4773969 | I17: =SUMIFS('STOCK ON ORDER'!$L$2:$L$200,'STOCK ON ORDER'!$H$2:$H$200,VALUE($L17)) -> 8 | J17: =F17*13 -> 12.461429 | K17: =IF(H17>13,0,IFERROR(MAX(0,J17-G17-I17),0)) -> 1.1280952 | L17: 37925
A18: =IFERROR(VLOOKUP($B18,'AC and RGM only'!$K$2:$L$250,2,FALSE),"") -> TORTILLA FLOUR 6.5INCH | B18: 37927 | D18: =24*12 -> 288 | E18: 6.5" TORTS (Inc Thawed) | F18: =AVERAGE(_xlfn.XLOOKUP($B18,'AC and RGM only'!$K$1:$K$150,'AC and RGM only'!$N$1:$T$150)) -> 0.25142857 | G18: {=_xlfn.XLOOKUP($B18,VALUE('STOCK ON HAND'!$E$1:$E$200),'STOCK ON HAND'!$H$1:$H$200,0)/D18} -> 1.0451389 | H18: =IF($F18=0,0,($G18*1/$F18)) -> 4.1568024 | I18: =SUMIFS('STOCK ON ORDER'!$L$2:$L$200,'STOCK ON ORDER'!$H$2:$H$200,VALUE($L18)) -> 2 | J18: =F18*13 -> 3.2685714 | K18: =IF(H18>13,0,IFERROR(MAX(0,J18-G18-I18),0)) -> 0.22343254 | L18: 37927
E20: FRIDGE BUILD TO GUIDE
D23: PER PACK | E23: ITEM | F23: 1 DAY USAGE | G23: ON HAND | H23: DAYS HOLDING | I23: ON ORDER | J23: 10 DAY BUILD TO | K23: NEED
A24: =IFERROR(VLOOKUP($B24,'AC and RGM only'!$K$2:$L$250,2,FALSE),"") -> CHEESE BLEND MOZZ/CHEDD (PIZZA) SHRED | B24: 37876 | D24: 12 | E24: CHEESE BLEND | F24: =AVERAGE(_xlfn.XLOOKUP($B24,'AC and RGM only'!$K$1:$K$150,'AC and RGM only'!$N$1:$T$150)) -> 0.4 | G24: {=_xlfn.XLOOKUP($B24,VALUE('STOCK ON HAND'!$E$1:$E$200),'STOCK ON HAND'!$H$1:$H$200,0)/D24} -> 0.785 | H24: =IF($F24=0,0,($G24*1/$F24)) -> 1.9625 | I24: =SUMIFS('STOCK ON ORDER'!$L$2:$L$200,'STOCK ON ORDER'!$H$2:$H$200,VALUE($L24)) -> 3 | J24: =F24*10 -> 4 | K24: =IF(H24>10,0,IFERROR(MAX(0,J24-G24-I24),0)) -> 0.215 | L24: 40266
A25: =IFERROR(VLOOKUP($B25,'AC and RGM only'!$K$2:$L$250,2,FALSE),"") -> CHEESE CHEDD ANGEL HAIR/ S'FINE SHRED | B25: 37911 | D25: 12 | E25: ANGEL CHEESE | F25: =AVERAGE(_xlfn.XLOOKUP($B25,'AC and RGM only'!$K$1:$K$150,'AC and RGM only'!$N$1:$T$150)) -> 0.20285714 | G25: {=_xlfn.XLOOKUP($B25,VALUE('STOCK ON HAND'!$E$1:$E$200),'STOCK ON HAND'!$H$1:$H$200,0)/D25} -> 1.2791667 | H25: =IF($F25=0,0,($G25*1/$F25)) -> 6.3057512 | I25: =SUMIFS('STOCK ON ORDER'!$L$2:$L$200,'STOCK ON ORDER'!$H$2:$H$200,VALUE($L25)) -> 1 | J25: =F25*10 -> 2.0285714 | K25: =IF(H25>10,0,IFERROR(MAX(0,J25-G25-I25),0)) -> 0 | L25: 37911
A26: =IFERROR(VLOOKUP($B26,'AC and RGM only'!$K$2:$L$250,2,FALSE),"") -> LAVA SAUCE | B26: 38701 | D26: 10 | E26: LAVA SAUCE | F26: =AVERAGE(_xlfn.XLOOKUP($B26,'AC and RGM only'!$K$1:$K$150,'AC and RGM only'!$N$1:$T$150)) -> 0.075714286 | G26: {=_xlfn.XLOOKUP($B26,VALUE('STOCK ON HAND'!$E$1:$E$200),'STOCK ON HAND'!$H$1:$H$200,0)/D26} -> 0.901 | H26: =IF($F26=0,0,($G26*1/$F26)) -> 11.9 | I26: =SUMIFS('STOCK ON ORDER'!$L$2:$L$200,'STOCK ON ORDER'!$H$2:$H$200,VALUE($L26)) -> 0 | J26: =F26*10 -> 0.75714286 | K26: =IF(H26>10,0,IFERROR(MAX(0,J26-G26-I26),0)) -> 0 | L26: 38701
A27: =IFERROR(VLOOKUP($B27,'AC and RGM only'!$K$2:$L$250,2,FALSE),"") -> OIL FRYING LIQUID CARGILL | B27: 33312 | D27: 15 | E27: FRY OIL | F27: =AVERAGE(_xlfn.XLOOKUP($B27,'AC and RGM only'!$K$1:$K$150,'AC and RGM only'!$N$1:$T$150)) -> 0.53714286 | G27: {=_xlfn.XLOOKUP($B27,VALUE('STOCK ON HAND'!$E$1:$E$200),'STOCK ON HAND'!$H$1:$H$200,0)/D27} -> 6.1553333 | H27: =IF($F27=0,0,($G27*1/$F27)) -> 11.459397 | I27: =SUMIFS('STOCK ON ORDER'!$L$2:$L$200,'STOCK ON ORDER'!$H$2:$H$200,VALUE($L27)) -> 9 | J27: 8 | K27: =IFERROR(MAX(0,J27-G27-I27),0) -> 0 | L27: 507825
A28: =IFERROR(VLOOKUP($B28,'AC and RGM only'!$K$2:$L$250,2,FALSE),"") -> SAUCE CHIPOTLE MAYO 1 | B28: 38493 | D28: 15 | E28: CHIPOTLE MAYO | F28: =AVERAGE(_xlfn.XLOOKUP($B28,'AC and RGM only'!$K$1:$K$150,'AC and RGM only'!$N$1:$T$150)) -> 0.15571429 | G28: {=_xlfn.XLOOKUP($B28,VALUE('STOCK ON HAND'!$E$1:$E$200),'STOCK ON HAND'!$H$1:$H$200,0)/D28} -> 0.538 | H28: =IF($F28=0,0,($G28*1/$F28)) -> 3.4550459 | I28: =SUMIFS('STOCK ON ORDER'!$L$2:$L$200,'STOCK ON ORDER'!$H$2:$H$200,VALUE($L28)) -> 1 | J28: =F28*10 -> 1.5571429 | K28: =IF(H28>10,0,IFERROR(MAX(0,J28-G28-I28),0)) -> 0.019142857 | L28: 38493
A29: =IFERROR(VLOOKUP($B29,'AC and RGM only'!$K$2:$L$250,2,FALSE),"") -> SAUCE CREAMY JALAPENO | B29: 38722 | D29: 10 | E29: CREAMY JALAPENO | F29: =AVERAGE(_xlfn.XLOOKUP($B29,'AC and RGM only'!$K$1:$K$150,'AC and RGM only'!$N$1:$T$150)) -> 0.078571429 | G29: {=_xlfn.XLOOKUP($B29,VALUE('STOCK ON HAND'!$E$1:$E$200),'STOCK ON HAND'!$H$1:$H$200,0)/D29} -> 0.726 | H29: =IF($F29=0,0,($G29*1/$F29)) -> 9.24 | I29: =SUMIFS('STOCK ON ORDER'!$L$2:$L$200,'STOCK ON ORDER'!$H$2:$H$200,VALUE($L29)) -> 0 | J29: =F29*10 -> 0.78571429 | K29: =IF(H29>10,0,IFERROR(MAX(0,J29-G29-I29),0)) -> 0.059714286 | L29: 38722
A30: =IFERROR(VLOOKUP($B30,'AC and RGM only'!$K$2:$L$250,2,FALSE),"") -> SAUCE NACHO CHEESE | B30: 37909 | D30: =6*1.8 -> 10.8 | E30: NACHO CHEESE SAUCE | F30: =AVERAGE(_xlfn.XLOOKUP($B30,'AC and RGM only'!$K$1:$K$150,'AC and RGM only'!$N$1:$T$150)) -> 0.72714286 | G30: {=_xlfn.XLOOKUP($B30,VALUE('STOCK ON HAND'!$E$1:$E$200),'STOCK ON HAND'!$H$1:$H$200,0)/D30} -> 1.7981481 | H30: =IF($F30=0,0,($G30*1/$F30)) -> 2.4728953 | I30: =SUMIFS('STOCK ON ORDER'!$L$2:$L$200,'STOCK ON ORDER'!$H$2:$H$200,VALUE($L30)) -> 5 | J30: =F30*10 -> 7.2714286 | K30: =IF(H30>10,0,IFERROR(MAX(0,J30-G30-I30),0)) -> 0.47328042 | L30: 37909
A31: =IFERROR(VLOOKUP($B31,'AC and RGM only'!$K$2:$L$250,2,FALSE),"") -> SAUCE PICO DE GALLO 100GM | B31: 37913 | D31: 6 | E31: PICO DE GALLO | F31: =AVERAGE(_xlfn.XLOOKUP($B31,'AC and RGM only'!$K$1:$K$150,'AC and RGM only'!$N$1:$T$150)) -> 0.041428571 | G31: {=_xlfn.XLOOKUP($B31,VALUE('STOCK ON HAND'!$E$1:$E$200),'STOCK ON HAND'!$H$1:$H$200,0)/D31} -> 0.45666667 | H31: =IF($F31=0,0,($G31*1/$F31)) -> 11.022989 | I31: =SUMIFS('STOCK ON ORDER'!$L$2:$L$200,'STOCK ON ORDER'!$H$2:$H$200,VALUE($L31)) -> 0 | J31: =F31*10 -> 0.41428571 | K31: =IF(H31>10,0,IFERROR(MAX(0,J31-G31-I31),0)) -> 0 | L31: 37913
A32: =IFERROR(VLOOKUP($B32,'AC and RGM only'!$K$2:$L$250,2,FALSE),"") -> SAUCE ZESTY RANCH 1 | B32: 38414 | D32: 15 | E32: ZESTY RANCH | F32: =AVERAGE(_xlfn.XLOOKUP($B32,'AC and RGM only'!$K$1:$K$150,'AC and RGM only'!$N$1:$T$150)) -> 0.28857143 | G32: {=_xlfn.XLOOKUP($B32,VALUE('STOCK ON HAND'!$E$1:$E$200),'STOCK ON HAND'!$H$1:$H$200,0)/D32} -> 1.1446667 | H32: =IF($F32=0,0,($G32*1/$F32)) -> 3.9666667 | I32: =SUMIFS('STOCK ON ORDER'!$L$2:$L$200,'STOCK ON ORDER'!$H$2:$H$200,VALUE($L32)) -> 2 | J32: =F32*10 -> 2.8857143 | K32: =IF(H32>10,0,IFERROR(MAX(0,J32-G32-I32),0)) -> 0 | L32: 38414

Sheet SCHWEPPES
E2: SCHWEPPES BUILD-TO GUIDE | L2: MMX item codes
B3: ORDER FORM CODE
D5: PER PACK | E5: ITEM | F5: 1 DAY USAGE | G5: ON HAND | H5: DAYS HOLDING | I5: ON ORDER | J5: 10 DAY BUILD TO | K5: NEED
A6: =IFERROR(VLOOKUP($B6,'AC and RGM only'!$K$2:$L$250,2,FALSE),"") -> DRINK WATER SPARKLING 500ML | B6: 100402 | D6: 24 | E6: SPARKLING WATER | F6: =AVERAGE(_xlfn.XLOOKUP($B6,'AC and RGM only'!$K$1:$K$150,'AC and RGM only'!$N$1:$T$150)) -> 0.03 | G6: {=_xlfn.XLOOKUP($B6,VALUE('STOCK ON HAND'!$E$1:$E$200),'STOCK ON HAND'!$H$1:$H$200,0)/D6} -> 0.83333333 | H6: =IF($F6=0,0,($G6*1/$F6)) -> 27.777778 | I6: =SUMIFS('STOCK ON ORDER'!$L$2:$L$200,'STOCK ON ORDER'!$H$2:$H$200,VALUE($L6)) -> 0 | J6: =F6*10 -> 0.3 | K6: =IF(H6>10,0,IFERROR(MAX(0,J6-G6-I6),0)) -> 0 | L6: 10005242
A7: =IFERROR(VLOOKUP($B7,'AC and RGM only'!$K$2:$L$250,2,FALSE),"") -> DRINK RED BULL ED 250ML | B7: 100403 | D7: 24 | E7: RED BULL | F7: =AVERAGE(_xlfn.XLOOKUP($B7,'AC and RGM only'!$K$1:$K$150,'AC and RGM only'!$N$1:$T$150)) -> 0.094285714 | G7: {=_xlfn.XLOOKUP($B7,VALUE('STOCK ON HAND'!$E$1:$E$200),'STOCK ON HAND'!$H$1:$H$200,0)/D7} -> 0.83333333 | H7: =IF($F7=0,0,($G7*1/$F7)) -> 8.8383838 | I7: =SUMIFS('STOCK ON ORDER'!$L$2:$L$200,'STOCK ON ORDER'!$H$2:$H$200,VALUE($L7)) -> 1 | J7: =F7*10 -> 0.94285714 | K7: =IF(H7>10,0,IFERROR(MAX(0,J7-G7-I7),0)) -> 0 | L7: 10006909
A8: =IFERROR(VLOOKUP($B8,'AC and RGM only'!$K$2:$L$250,2,FALSE),"") -> DRINK RED BULL S/FREE 250ML | B8: 100404 | D8: 24 | E8: RED BULL S/FREE | F8: =AVERAGE(_xlfn.XLOOKUP($B8,'AC and RGM only'!$K$1:$K$150,'AC and RGM only'!$N$1:$T$150)) -> 0.017142857 | G8: {=_xlfn.XLOOKUP($B8,VALUE('STOCK ON HAND'!$E$1:$E$200),'STOCK ON HAND'!$H$1:$H$200,0)/D8} -> 0.33333333 | H8: =IF($F8=0,0,($G8*1/$F8)) -> 19.444444 | I8: =SUMIFS('STOCK ON ORDER'!$L$2:$L$200,'STOCK ON ORDER'!$H$2:$H$200,VALUE($L8)) -> 1 | J8: =F8*10 -> 0.17142857 | K8: =IF(H8>10,0,IFERROR(MAX(0,J8-G8-I8),0)) -> 0 | L8: 10006936
A9: =IFERROR(VLOOKUP($B9,'AC and RGM only'!$K$2:$L$250,2,FALSE),"") -> DRINK RED BULL TROPICAL 250ML | B9: 100405 | D9: 12 | E9: RED BULL TROPICAL | F9: =AVERAGE(_xlfn.XLOOKUP($B9,'AC and RGM only'!$K$1:$K$150,'AC and RGM only'!$N$1:$T$150)) -> 0.06 | G9: {=_xlfn.XLOOKUP($B9,VALUE('STOCK ON HAND'!$E$1:$E$200),'STOCK ON HAND'!$H$1:$H$200,0)/D9} -> 0.91666667 | H9: =IF($F9=0,0,($G9*1/$F9)) -> 15.277778 | I9: =SUMIFS('STOCK ON ORDER'!$L$2:$L$200,'STOCK ON ORDER'!$H$2:$H$200,VALUE($L9)) -> 0 | J9: =F9*10 -> 0.6 | K9: =IF(H9>10,0,IFERROR(MAX(0,J9-G9-I9),0)) -> 0 | L9: 10006942
A10: =IFERROR(VLOOKUP($B10,'AC and RGM only'!$K$2:$L$250,2,FALSE),"") -> DRINK JUICE POP TOP APPLE 250ML | B10: 100400 | D10: 24 | E10: POP TOP - APPLE | F10: =AVERAGE(_xlfn.XLOOKUP($B10,'AC and RGM only'!$K$1:$K$150,'AC and RGM only'!$N$1:$T$150)) -> 0.09 | G10: {=_xlfn.XLOOKUP($B10,VALUE('STOCK ON HAND'!$E$1:$E$200),'STOCK ON HAND'!$H$1:$H$200,0)/D10} -> 1 | H10: =IF($F10=0,0,($G10*1/$F10)) -> 11.111111 | I10: =SUMIFS('STOCK ON ORDER'!$L$2:$L$200,'STOCK ON ORDER'!$H$2:$H$200,VALUE($L10)) -> 0 | J10: =F10*10 -> 0.9 | K10: =IF(H10>10,0,IFERROR(MAX(0,J10-G10-I10),0)) -> 0 | L10: 10007182
A11: =IFERROR(VLOOKUP($B11,'AC and RGM only'!$K$2:$L$250,2,FALSE),"") -> DRINK JUICE POP TOP ORANGE 250ML | B11: 100401 | D11: 24 | E11: POP TOP - ORANGE | F11: =AVERAGE(_xlfn.XLOOKUP($B11,'AC and RGM only'!$K$1:$K$150,'AC and RGM only'!$N$1:$T$150)) -> 0.017142857 | G11: {=_xlfn.XLOOKUP($B11,VALUE('STOCK ON HAND'!$E$1:$E$200),'STOCK ON HAND'!$H$1:$H$200,0)/D11} -> 1.6666667 | H11: =IF($F11=0,0,($G11*1/$F11)) -> 97.222222 | I11: =SUMIFS('STOCK ON ORDER'!$L$2:$L$200,'STOCK ON ORDER'!$H$2:$H$200,VALUE($L11)) -> 0 | J11: =F11*10 -> 0.17142857 | K11: =IF(H11>10,0,IFERROR(MAX(0,J11-G11-I11),0)) -> 0 | L11: 10007184
A12: =IFERROR(VLOOKUP($B12,'AC and RGM only'!$K$2:$L$250,2,FALSE),"") -> DRINK JUICE APPLE SPRING VALLEY | B12: 100399 | D12: 12 | E12: SPRING VALLEY APPLE | F12: =AVERAGE(_xlfn.XLOOKUP($B12,'AC and RGM only'!$K$1:$K$150,'AC and RGM only'!$N$1:$T$150)) -> 0.032857143 | G12: {=_xlfn.XLOOKUP($B12,VALUE('STOCK ON HAND'!$E$1:$E$200),'STOCK ON HAND'!$H$1:$H$200,0)/D12} -> 1.5833333 | H12: =IF($F12=0,0,($G12*1/$F12)) -> 48.188406 | I12: =SUMIFS('STOCK ON ORDER'!$L$2:$L$200,'STOCK ON ORDER'!$H$2:$H$200,VALUE($L12)) -> 0 | J12: =F12*10 -> 0.32857143 | K12: =IF(H12>10,0,IFERROR(MAX(0,J12-G12-I12),0)) -> 0 | L12: 10008418
A13: =IFERROR(VLOOKUP($B13,'AC and RGM only'!$K$2:$L$250,2,FALSE),"") -> DRINK 7UP 600ML PET | B13: 16520 | D13: 24 | E13: 7UP BOTTLE | F13: =AVERAGE(_xlfn.XLOOKUP($B13,'AC and RGM only'!$K$1:$K$150,'AC and RGM only'!$N$1:$T$150)) -> 0.034285714 | G13: {=_xlfn.XLOOKUP($B13,VALUE('STOCK ON HAND'!$E$1:$E$200),'STOCK ON HAND'!$H$1:$H$200,0)/D13} -> 0.45833333 | H13: =IF($F13=0,0,($G13*1/$F13)) -> 13.368056 | I13: =SUMIFS('STOCK ON ORDER'!$L$2:$L$200,'STOCK ON ORDER'!$H$2:$H$200,VALUE($L13)) -> 0 | J13: =F13*10 -> 0.34285714 | K13: =IF(H13>10,0,IFERROR(MAX(0,J13-G13-I13),0)) -> 0 | L13: 3227
A14: =IFERROR(VLOOKUP($B14,'AC and RGM only'!$K$2:$L$250,2,FALSE),"") -> DRINK 7UP CAN | B14: 14602 | D14: 30 | E14: 7UP CAN | F14: =AVERAGE(_xlfn.XLOOKUP($B14,'AC and RGM only'!$K$1:$K$150,'AC and RGM only'!$N$1:$T$150)) -> 0.10428571 | G14: {=_xlfn.XLOOKUP($B14,VALUE('STOCK ON HAND'!$E$1:$E$200),'STOCK ON HAND'!$H$1:$H$200,0)/D14} -> 0.66666667 | H14: =IF($F14=0,0,($G14*1/$F14)) -> 6.3926941 | I14: =SUMIFS('STOCK ON ORDER'!$L$2:$L$200,'STOCK ON ORDER'!$H$2:$H$200,VALUE($L14)) -> 1 | J14: =F14*10 -> 1.0428571 | K14: =IF(H14>10,0,IFERROR(MAX(0,J14-G14-I14),0)) -> 0 | L14: 10007576
A15: =IFERROR(VLOOKUP($B15,'AC and RGM only'!$K$2:$L$250,2,FALSE),"") -> DRINK 7UP BIB 15L | B15: 12153 | D15: 15 | E15: 7UP BIB | F15: =AVERAGE(_xlfn.XLOOKUP($B15,'AC and RGM only'!$K$1:$K$150,'AC and RGM only'!$N$1:$T$150)) -> 0.037142857 | G15: {=_xlfn.XLOOKUP($B15,VALUE('STOCK ON HAND'!$E$1:$E$150),'STOCK ON HAND'!$H$1:$H$150,0)/D15} -> 2.7286667 | H15: =IF($F15=0,0,($G15*1/$F15)) -> 73.464103 | I15: =SUMIFS('STOCK ON ORDER'!$L$2:$L$200,'STOCK ON ORDER'!$H$2:$H$200,VALUE($L15)) -> 1 | J15: 3 | K15: =IFERROR(MAX(0,J15-G15-I15),0) -> 0 | L15: 3939
A16: =IFERROR(VLOOKUP($B16,'AC and RGM only'!$K$2:$L$250,2,FALSE),"") -> DRINK FCB FREEZE MOUNTAIN DEW 10L | B16: 36224 | D16: 10 | E16: FROZEN MOUNTAIN DEW | F16: =AVERAGE(_xlfn.XLOOKUP($B16,'AC and RGM only'!$K$1:$K$150,'AC and RGM only'!$N$1:$T$150)) -> 0.02 | G16: {=_xlfn.XLOOKUP($B16,VALUE('STOCK ON HAND'!$E$1:$E$150),'STOCK ON HAND'!$H$1:$H$150,0)/D16} -> 1.281 | H16: =IF($F16=0,0,($G16*1/$F16)) -> 64.05 | I16: =SUMIFS('STOCK ON ORDER'!$L$2:$L$200,'STOCK ON ORDER'!$H$2:$H$200,VALUE($L16)) -> 0 | J16: 1 | K16: =IFERROR(MAX(0,J16-G16-I16),0) -> 0 | L16: 10005562
A17: =IFERROR(VLOOKUP($B17,'AC and RGM only'!$K$2:$L$250,2,FALSE),"") -> DRINK FCB FREEZE PEPSI 10L | B17: 36128 | D17: 10 | E17: FROZEN PEPSI | F17: =AVERAGE(_xlfn.XLOOKUP($B17,'AC and RGM only'!$K$1:$K$150,'AC and RGM only'!$N$1:$T$150)) -> 0.042857143 | G17: {=_xlfn.XLOOKUP($B17,VALUE('STOCK ON HAND'!$E$1:$E$150),'STOCK ON HAND'!$H$1:$H$150,0)/D17} -> 0.875 | H17: =IF($F17=0,0,($G17*1/$F17)) -> 20.416667 | I17: =SUMIFS('STOCK ON ORDER'!$L$2:$L$200,'STOCK ON ORDER'!$H$2:$H$200,VALUE($L17)) -> 1 | J17: 1 | K17: =IFERROR(MAX(0,J17-G17-I17),0) -> 0 | L17: 4095
A18: =IFERROR(VLOOKUP($B18,'AC and RGM only'!$K$2:$L$250,2,FALSE),"") -> DRINK FCB FREEZE TRAD RASPBERRY 10L | B18: 38531 | D18: 10 | E18: FROZEN RASPBERRY | F18: =AVERAGE(_xlfn.XLOOKUP($B18,'AC and RGM only'!$K$1:$K$150,'AC and RGM only'!$N$1:$T$150)) -> 0.03 | G18: {=_xlfn.XLOOKUP($B18,VALUE('STOCK ON HAND'!$E$1:$E$150),'STOCK ON HAND'!$H$1:$H$150,0)/D18} -> 2.012 | H18: =IF($F18=0,0,($G18*1/$F18)) -> 67.066667 | I18: =SUMIFS('STOCK ON ORDER'!$L$2:$L$200,'STOCK ON ORDER'!$H$2:$H$200,VALUE($L18)) -> 0 | J18: 1 | K18: =IFERROR(MAX(0,J18-G18-I18),0) -> 0 | L18: 4091
A19: =IFERROR(VLOOKUP($B19,'AC and RGM only'!$K$2:$L$250,2,FALSE),"") -> DRINK LIPTON ICE TEA LEMON 500ML | B19: 38704 | D19: 24 | E19: LEMON ICED TEA | F19: =AVERAGE(_xlfn.XLOOKUP($B19,'AC and RGM only'!$K$1:$K$150,'AC and RGM only'!$N$1:$T$150)) -> 0.041428571 | G19: {=_xlfn.XLOOKUP($B19,VALUE('STOCK ON HAND'!$E$1:$E$200),'STOCK ON HAND'!$H$1:$H$200,0)/D19} -> 0.66666667 | H19: =IF($F19=0,0,($G19*1/$F19)) -> 16.091954 | I19: =SUMIFS('STOCK ON ORDER'!$L$2:$L$200,'STOCK ON ORDER'!$H$2:$H$200,VALUE($L19)) -> 0 | J19: =F19*10 -> 0.41428571 | K19: =IF(H19>10,0,IFERROR(MAX(0,J19-G19-I19),0)) -> 0 | L19: 10006824
A20: =IFERROR(VLOOKUP($B20,'AC and RGM only'!$K$2:$L$250,2,FALSE),"") -> DRINK LIPTON ICE TEA PEACH | B20: 38705 | D20: 24 | E20: PEACH ICED TEA | F20: =AVERAGE(_xlfn.XLOOKUP($B20,'AC and RGM only'!$K$1:$K$150,'AC and RGM only'!$N$1:$T$150)) -> 0.11428571 | G20: {=_xlfn.XLOOKUP($B20,VALUE('STOCK ON HAND'!$E$1:$E$200),'STOCK ON HAND'!$H$1:$H$200,0)/D20} -> 0.375 | H20: =IF($F20=0,0,($G20*1/$F20)) -> 3.28125 | I20: =SUMIFS('STOCK ON ORDER'!$L$2:$L$200,'STOCK ON ORDER'!$H$2:$H$200,VALUE($L20)) -> 1 | J20: =F20*10 -> 1.1428571 | K20: =IF(H20>10,0,IFERROR(MAX(0,J20-G20-I20),0)) -> 0 | L20: 10006826
A21: =IFERROR(VLOOKUP($B21,'AC and RGM only'!$K$2:$L$250,2,FALSE),"") -> DRINK MOUNTAIN DEW 600ML PET | B21: 16521 | D21: 24 | E21: MOUNTAIN DEW BOTTLE | F21: =AVERAGE(_xlfn.XLOOKUP($B21,'AC and RGM only'!$K$1:$K$150,'AC and RGM only'!$N$1:$T$150)) -> 0.15428571 | G21: {=_xlfn.XLOOKUP($B21,VALUE('STOCK ON HAND'!$E$1:$E$200),'STOCK ON HAND'!$H$1:$H$200,0)/D21} -> 1.7916667 | H21: =IF($F21=0,0,($G21*1/$F21)) -> 11.612654 | I21: =SUMIFS('STOCK ON ORDER'!$L$2:$L$200,'STOCK ON ORDER'!$H$2:$H$200,VALUE($L21)) -> 0 | J21: =F21*10 -> 1.5428571 | K21: =IF(H21>10,0,IFERROR(MAX(0,J21-G21-I21),0)) -> 0 | L21: 10004815 | M21: 10008621
A22: =IFERROR(VLOOKUP($B22,'AC and RGM only'!$K$2:$L$250,2,FALSE),"") -> DRINK MOUNTAIN DEW CAN | B22: 14603 | D22: 30 | E22: MOUNTAIN DEW CAN | F22: =AVERAGE(_xlfn.XLOOKUP($B22,'AC and RGM only'!$K$1:$K$150,'AC and RGM only'!$N$1:$T$150)) -> 0.062857143 | G22: {=_xlfn.XLOOKUP($B22,VALUE('STOCK ON HAND'!$E$1:$E$200),'STOCK ON HAND'!$H$1:$H$200,0)/D22} -> 1.2666667 | H22: =IF($F22=0,0,($G22*1/$F22)) -> 20.151515 | I22: =SUMIFS('STOCK ON ORDER'!$L$2:$L$200,'STOCK ON ORDER'!$H$2:$H$200,VALUE($L22)) -> 0 | J22: =F22*10 -> 0.62857143 | K22: =IF(H22>10,0,IFERROR(MAX(0,J22-G22-I22),0)) -> 0 | L22: 10007191 | M22: 10008634
A23: =IFERROR(VLOOKUP($B23,'AC and RGM only'!$K$2:$L$250,2,FALSE),"") -> DRINK MOUNTAIN DEW BIB 15L | B23: 14606 | D23: 15 | E23: MOUNTAIN DEW BIB | F23: =AVERAGE(_xlfn.XLOOKUP($B23,'AC and RGM only'!$K$1:$K$150,'AC and RGM only'!$N$1:$T$150)) -> 0.065714286 | G23: {=_xlfn.XLOOKUP($B23,VALUE('STOCK ON HAND'!$E$1:$E$150),'STOCK ON HAND'!$H$1:$H$150,0)/D23} -> 3.1306667 | H23: =IF($F23=0,0,($G23*1/$F23)) -> 47.64058 | I23: =SUMIFS('STOCK ON ORDER'!$L$2:$L$200,'STOCK ON ORDER'!$H$2:$H$200,VALUE($L23)) -> 1 | J23: 4 | K23: =IFERROR(MAX(0,J23-G23-I23),0) -> 0 | L23: 10005385
A24: =IFERROR(VLOOKUP($B24,'AC and RGM only'!$K$2:$L$250,2,FALSE),"") -> DRINK PEPSI 600ML | B24: 14648 | D24: 24 | E24: PEPSI BOTTLE | F24: =AVERAGE(_xlfn.XLOOKUP($B24,'AC and RGM only'!$K$1:$K$150,'AC and RGM only'!$N$1:$T$150)) -> 0.052857143 | G24: {=_xlfn.XLOOKUP($B24,VALUE('STOCK ON HAND'!$E$1:$E$200),'STOCK ON HAND'!$H$1:$H$200,0)/D24} -> 0.54166667 | H24: =IF($F24=0,0,($G24*1/$F24)) -> 10.247748 | I24: =SUMIFS('STOCK ON ORDER'!$L$2:$L$200,'STOCK ON ORDER'!$H$2:$H$200,VALUE($L24)) -> 0 | J24: =F24*10 -> 0.52857143 | K24: =IF(H24>10,0,IFERROR(MAX(0,J24-G24-I24),0)) -> 0 | L24: 10008623 | M24: 3221
A25: =IFERROR(VLOOKUP($B25,'AC and RGM only'!$K$2:$L$250,2,FALSE),"") -> DRINK PEPSI CAN | B25: 12150 | D25: 30 | E25: PEPSI CAN | F25: =AVERAGE(_xlfn.XLOOKUP($B25,'AC and RGM only'!$K$1:$K$150,'AC and RGM only'!$N$1:$T$150)) -> 0.067142857 | G25: {=_xlfn.XLOOKUP($B25,VALUE('STOCK ON HAND'!$E$1:$E$200),'STOCK ON HAND'!$H$1:$H$200,0)/D25} -> 0.9 | H25: =IF($F25=0,0,($G25*1/$F25)) -> 13.404255 | I25: =SUMIFS('STOCK ON ORDER'!$L$2:$L$200,'STOCK ON ORDER'!$H$2:$H$200,VALUE($L25)) -> 0 | J25: =F25*10 -> 0.67142857 | K25: =IF(H25>10,0,IFERROR(MAX(0,J25-G25-I25),0)) -> 0 | L25: 10004724 | M25: 10008633
A26: =IFERROR(VLOOKUP($B26,'AC and RGM only'!$K$2:$L$250,2,FALSE),"") -> DRINK PEPSI MAX 600ML | B26: 12128 | D26: 24 | E26: PEPSI MAX BOTTLE | F26: =AVERAGE(_xlfn.XLOOKUP($B26,'AC and RGM only'!$K$1:$K$150,'AC and RGM only'!$N$1:$T$150)) -> 0.25142857 | G26: {=_xlfn.XLOOKUP($B26,VALUE('STOCK ON HAND'!$E$1:$E$200),'STOCK ON HAND'!$H$1:$H$200,0)/D26} -> 1.2083333 | H26: =IF($F26=0,0,($G26*1/$F26)) -> 4.8058712 | I26: =SUMIFS('STOCK ON ORDER'!$L$2:$L$200,'STOCK ON ORDER'!$H$2:$H$200,VALUE($L26)) -> 1 | J26: =F26*10 -> 2.5142857 | K26: =IF(H26>10,0,IFERROR(MAX(0,J26-G26-I26),0)) -> 0.30595238 | L26: 3226
A27: =IFERROR(VLOOKUP($B27,'AC and RGM only'!$K$2:$L$250,2,FALSE),"") -> DRINK PEPSI MAX CAN | B27: 14601 | D27: 30 | E27: PEPSI MAX CAN | F27: =AVERAGE(_xlfn.XLOOKUP($B27,'AC and RGM only'!$K$1:$K$150,'AC and RGM only'!$N$1:$T$150)) -> 0.22285714 | G27: {=_xlfn.XLOOKUP($B27,VALUE('STOCK ON HAND'!$E$1:$E$200),'STOCK ON HAND'!$H$1:$H$200,0)/D27} -> 1 | H27: =IF($F27=0,0,($G27*1/$F27)) -> 4.4871795 | I27: =SUMIFS('STOCK ON ORDER'!$L$2:$L$200,'STOCK ON ORDER'!$H$2:$H$200,VALUE($L27)) -> 1 | J27: =F27*10 -> 2.2285714 | K27: =IF(H27>10,0,IFERROR(MAX(0,J27-G27-I27),0)) -> 0.22857143 | L27: 10004423
A28: =IFERROR(VLOOKUP($B28,'AC and RGM only'!$K$2:$L$250,2,FALSE),"") -> DRINK PEPSI MAX BIB 10L | B28: 16235 | D28: 10 | E28: PEPSI MAX BIB | F28: =AVERAGE(_xlfn.XLOOKUP($B28,'AC and RGM only'!$K$1:$K$150,'AC and RGM only'!$N$1:$T$150)) -> 0.24285714 | G28: {=_xlfn.XLOOKUP($B28,VALUE('STOCK ON HAND'!$E$1:$E$150),'STOCK ON HAND'!$H$1:$H$150,0)/D28} -> 4.704 | H28: =IF($F28=0,0,($G28*1/$F28)) -> 19.369412 | I28: =SUMIFS('STOCK ON ORDER'!$L$2:$L$200,'STOCK ON ORDER'!$H$2:$H$200,VALUE($L28)) -> 1 | J28: 6 | K28: =IF(,0,IFERROR(MAX(0,J28-G28-I28),0)) -> 0.296 | L28: 3478
A29: =IFERROR(VLOOKUP($B29,'AC and RGM only'!$K$2:$L$250,2,FALSE),"") -> DRINK PEPSI POST MIX | B29: 12151 | D29: 15 | E29: PEPSI BIB | F29: =AVERAGE(_xlfn.XLOOKUP($B29,'AC and RGM only'!$K$1:$K$150,'AC and RGM only'!$N$1:$T$150)) -> 0.51714286 | G29: {=_xlfn.XLOOKUP($B29,VALUE('STOCK ON HAND'!$E$1:$E$150),'STOCK ON HAND'!$H$1:$H$150,0)/D29} -> 4.054 | H29: =IF($F29=0,0,($G29*1/$F29)) -> 7.8392265 | I29: =SUMIFS('STOCK ON ORDER'!$L$2:$L$200,'STOCK ON ORDER'!$H$2:$H$200,VALUE($L29)) -> 0 | J29: 4 | K29: =IF(,0,IFERROR(MAX(0,J29-G29-I29),0)) -> 0 | L29: 3912
A30: =IFERROR(VLOOKUP($B30,'AC and RGM only'!$K$2:$L$250,2,FALSE),"") -> DRINK SOLO LEMON 600ML PET | B30: 16522 | D30: 24 | E30: SOLO BOTTLE | F30: =AVERAGE(_xlfn.XLOOKUP($B30,'AC and RGM only'!$K$1:$K$150,'AC and RGM only'!$N$1:$T$150)) -> 0.051428571 | G30: {=_xlfn.XLOOKUP($B30,VALUE('STOCK ON HAND'!$E$1:$E$200),'STOCK ON HAND'!$H$1:$H$200,0)/D30} -> 0.70833333 | H30: =IF($F30=0,0,($G30*1/$F30)) -> 13.773148 | I30: =SUMIFS('STOCK ON ORDER'!$L$2:$L$200,'STOCK ON ORDER'!$H$2:$H$200,VALUE($L30)) -> 0 | J30: =F30*10 -> 0.51428571 | K30: =IF(H30>10,0,IFERROR(MAX(0,J30-G30-I30),0)) -> 0 | L30: 2918
A31: =IFERROR(VLOOKUP($B31,'AC and RGM only'!$K$2:$L$250,2,FALSE),"") -> DRINK SOLO CAN | B31: 15735 | D31: 30 | E31: SOLO CAN | F31: =AVERAGE(_xlfn.XLOOKUP($B31,'AC and RGM only'!$K$1:$K$150,'AC and RGM only'!$N$1:$T$150)) -> 0.065714286 | G31: {=_xlfn.XLOOKUP($B31,VALUE('STOCK ON HAND'!$E$1:$E$200),'STOCK ON HAND'!$H$1:$H$200,0)/D31} -> 1.0333333 | H31: =IF($F31=0,0,($G31*1/$F31)) -> 15.724638 | I31: =SUMIFS('STOCK ON ORDER'!$L$2:$L$200,'STOCK ON ORDER'!$H$2:$H$200,VALUE($L31)) -> 0 | J31: =F31*10 -> 0.65714286 | K31: =IF(H31>10,0,IFERROR(MAX(0,J31-G31-I31),0)) -> 0 | L31: 10004425
A32: =IFERROR(VLOOKUP($B32,'AC and RGM only'!$K$2:$L$250,2,FALSE),"") -> DRINK SOLO LEMON BIB 15L | B32: 16525 | D32: 15 | E32: SOLO BIB | F32: =AVERAGE(_xlfn.XLOOKUP($B32,'AC and RGM only'!$K$1:$K$150,'AC and RGM only'!$N$1:$T$150)) -> 0.031428571 | G32: {=_xlfn.XLOOKUP($B32,VALUE('STOCK ON HAND'!$E$1:$E$150),'STOCK ON HAND'!$H$1:$H$150,0)/D32} -> 3.496 | H32: =IF($F32=0,0,($G32*1/$F32)) -> 111.23636 | I32: =SUMIFS('STOCK ON ORDER'!$L$2:$L$200,'STOCK ON ORDER'!$H$2:$H$200,VALUE($L32)) -> 0 | J32: 3 | K32: =IFERROR(MAX(0,J32-G32-I32),0) -> 0 | L32: 4068
A33: =IFERROR(VLOOKUP($B33,'AC and RGM only'!$K$2:$L$250,2,FALSE),"") -> DRINK SUNKIST ORANGE 600ML | B33: 16523 | D33: 24 | E33: SUNKIST BOTTLE | F33: =AVERAGE(_xlfn.XLOOKUP($B33,'AC and RGM only'!$K$1:$K$150,'AC and RGM only'!$N$1:$T$150)) -> 0.041428571 | G33: {=_xlfn.XLOOKUP($B33,VALUE('STOCK ON HAND'!$E$1:$E$200),'STOCK ON HAND'!$H$1:$H$200,0)/D33} -> 0.5 | H33: =IF($F33=0,0,($G33*1/$F33)) -> 12.068966 | I33: =SUMIFS('STOCK ON ORDER'!$L$2:$L$200,'STOCK ON ORDER'!$H$2:$H$200,VALUE($L33)) -> 0 | J33: =F33*10 -> 0.41428571 | K33: =IF(H33>10,0,IFERROR(MAX(0,J33-G33-I33),0)) -> 0 | L33: 2938
A34: =IFERROR(VLOOKUP($B34,'AC and RGM only'!$K$2:$L$250,2,FALSE),"") -> DRINK SUNKIST ORANGE CAN | B34: 15733 | D34: 30 | E34: SUNKIST CAN | F34: =AVERAGE(_xlfn.XLOOKUP($B34,'AC and RGM only'!$K$1:$K$150,'AC and RGM only'!$N$1:$T$150)) -> 0.07 | G34: {=_xlfn.XLOOKUP($B34,VALUE('STOCK ON HAND'!$E$1:$E$200),'STOCK ON HAND'!$H$1:$H$200,0)/D34} -> 0.36666667 | H34: =IF($F34=0,0,($G34*1/$F34)) -> 5.2380952 | I34: =SUMIFS('STOCK ON ORDER'!$L$2:$L$200,'STOCK ON ORDER'!$H$2:$H$200,VALUE($L34)) -> 1 | J34: =F34*10 -> 0.7 | K34: =IF(H34>10,0,IFERROR(MAX(0,J34-G34-I34),0)) -> 0 | L34: 10006573
A35: =IFERROR(VLOOKUP($B35,'AC and RGM only'!$K$2:$L$250,2,FALSE),"") -> DRINK SUNKIST ORANGE BIB 15L | B35: 16524 | D35: 15 | E35: SUNKIST BIB | F35: =AVERAGE(_xlfn.XLOOKUP($B35,'AC and RGM only'!$K$1:$K$150,'AC and RGM only'!$N$1:$T$150)) -> 0.021428571 | G35: {=_xlfn.XLOOKUP($B35,VALUE('STOCK ON HAND'!$E$1:$E$150),'STOCK ON HAND'!$H$1:$H$150,0)/D35} -> 2.992 | H35: =IF($F35=0,0,($G35*1/$F35)) -> 139.62667 | I35: =SUMIFS('STOCK ON ORDER'!$L$2:$L$200,'STOCK ON ORDER'!$H$2:$H$200,VALUE($L35)) -> 0 | J35: 3 | K35: =IFERROR(MAX(0,J35-G35-I35),0) -> 0.008 | L35: 4075
A36: =IFERROR(VLOOKUP($B36,'AC and RGM only'!$K$2:$L$250,2,FALSE),"") -> DRINK WATER 600ML PET | B36: 13839 | D36: 24 | E36: WATER | F36: =AVERAGE(_xlfn.XLOOKUP($B36,'AC and RGM only'!$K$1:$K$150,'AC and RGM only'!$N$1:$T$150)) -> 0.22 | G36: {=_xlfn.XLOOKUP($B36,VALUE('STOCK ON HAND'!$E$1:$E$200),'STOCK ON HAND'!$H$1:$H$200,0)/D36} -> 1.875 | H36: =IF($F36=0,0,($G36*1/$F36)) -> 8.5227273 | I36: =SUMIFS('STOCK ON ORDER'!$L$2:$L$200,'STOCK ON ORDER'!$H$2:$H$200,VALUE($L36)) -> 1 | J36: =F36*10 -> 2.2 | K36: =IF(H36>10,0,IFERROR(MAX(0,J36-G36-I36),0)) -> 0 | L36: 10006282

Sheet BEGA
E2: BEGA BUILD-TO GUIDE | L2: MMX item codes
B3: ORDER FORM CODE
D5: PER PACK | E5: ITEM | F5: 1 DAY USAGE | G5: ON HAND | H5: DAYS HOLDING | I5: ON ORDER | J5: 10 DAY BUILD TO | K5: NEED
A6: =IFERROR(VLOOKUP($B6,'AC and RGM only'!$K$2:$L$250,2,FALSE),"") | D6: 2 | E6: SOUR CREAM 2KG | L6: 8418
A7: =IFERROR(VLOOKUP($B7,'AC and RGM only'!$K$2:$L$250,2,FALSE),"") -> CREAM SOUR LIGHT | B7: 12945 | D7: 5 | E7: SOUR CREAM 5KG | F7: =AVERAGE(_xlfn.XLOOKUP($B7,'AC and RGM only'!$K$1:$K$150,'AC and RGM only'!$N$1:$T$150)) -> 0.93142857 | G7: {=_xlfn.XLOOKUP($B7,VALUE('STOCK ON HAND'!$E$1:$E$150),'STOCK ON HAND'!$H$1:$H$150,0)/D7} -> 8.336 | H7: =IF($F7=0,0,($G7*1/$F7)) -> 8.9496933 | I7: =SUMIFS('STOCK ON ORDER'!$L$1:$L$200,'STOCK ON ORDER'!$H$1:$H$200,VALUE($L7)) -> 0 | J7: =F7*10 -> 9.3142857 | K7: =IF(H7>10,0,IFERROR(MAX(0,J7-G7-I7),0)) -> 0.97828571 | L7: 8419
A8: =IFERROR(VLOOKUP($B8,'AC and RGM only'!$K$2:$L$250,2,FALSE),"") -> DRINK DARE ICED COFFEE DOUBLE | B8: 38239 | D8: 1 | E8: DARE ICED COFFEE | F8: =AVERAGE(_xlfn.XLOOKUP($B8,'AC and RGM only'!$K$1:$K$150,'AC and RGM only'!$N$1:$T$150)) -> 1.1428571 | G8: {=_xlfn.XLOOKUP($B8,VALUE('STOCK ON HAND'!$E$1:$E$150),'STOCK ON HAND'!$H$1:$H$150,0)/D8} -> 15 | H8: =IF($F8=0,0,($G8*1/$F8)) -> 13.125 | I8: =SUMIFS('STOCK ON ORDER'!$L$1:$L$200,'STOCK ON ORDER'!$H$1:$H$200,VALUE($L8)) -> 0 | J8: =F8*10 -> 11.428571 | K8: =IF(H8>10,0,IFERROR(MAX(0,J8-G8-I8),0)) -> 0 | L8: 7769

Sheet CUTFRESH
E2: CUT FRESH BUILD-TO GUIDE | L2: MMX item codes
B3: ORDER FORM CODE
D5: PER PACK | E5: ITEM | F5: 1 DAY USAGE | G5: ON HAND | H5: DAYS HOLDING | I5: ON ORDER | J5: BUILD TO | K5: NEED | O5: Buffer
A6: =IFERROR(VLOOKUP($B6,'AC and RGM only'!$K$2:$L$250,2,FALSE),"") -> LETTUCE SHREDDED | B6: 13016 | D6: 8 | E6: LETTUCE | F6: =AVERAGE(_xlfn.XLOOKUP($B6,'AC and RGM only'!$K$1:$K$150,'AC and RGM only'!$N$1:$T$150)) -> 0.91714286 | G6: {=_xlfn.XLOOKUP($B6,VALUE('STOCK ON HAND'!$E$1:$E$150),'STOCK ON HAND'!$H$1:$H$150,0)/D6} -> 3.425 | H6: =IF($F6=0,0,($G6*1/$F6)) -> 3.7344237 | I6: =SUMIFS('STOCK ON ORDER'!$L$1:$L$200,'STOCK ON ORDER'!$H$1:$H$200,$L6) -> 4 | J6: =IF($G$32="MONDAY",E21, IF($G$32="TUESDAY",E27, IF($G$32="WEDNESDAY",H21, IF($G$32="THURSDAY",H27, IF($G$32="SATURDAY",K21, IF($G$32="SUNDAY",K27,0)))))) -> 9 | K6: =ROUNDUP(IF(,0,IFERROR(MAX(0,J6-G6-I6),0)),0) -> 2 | L6: SLETT | O6: 2
A7: =IFERROR(VLOOKUP($B7,'AC and RGM only'!$K$2:$L$250,2,FALSE),"") -> ONION BROWN DICED | B7: 15659 | D7: 4 | E7: ONION | F7: =AVERAGE(_xlfn.XLOOKUP($B7,'AC and RGM only'!$K$1:$K$150,'AC and RGM only'!$N$1:$T$150)) -> 0.26285714 | G7: {=_xlfn.XLOOKUP($B7,VALUE('STOCK ON HAND'!$E$1:$E$150),'STOCK ON HAND'!$H$1:$H$150,0)/D7} -> 0.0775 | H7: =IF($F7=0,0,($G7*1/$F7)) -> 0.29483696 | I7: =SUMIFS('STOCK ON ORDER'!$L$1:$L$200,'STOCK ON ORDER'!$H$1:$H$200,$L7) -> 1 | J7: =IF($G$32="MONDAY",E22, IF($G$32="TUESDAY",E28, IF($G$32="WEDNESDAY",H22, IF($G$32="THURSDAY",H28, IF($G$32="SATURDAY",K22, IF($G$32="SUNDAY",K28,0)))))) -> 1.84 | K7: =IF(,0,IFERROR(MAX(0,J7-G7-I7),0)) -> 0.7625 | L7: DO4
A8: =IFERROR(VLOOKUP($B8,'AC and RGM only'!$K$2:$L$250,2,FALSE),"") -> SALAD CORIANDER CHOPPED | B8: 38670 | D8: 0.5 | E8: CORIANDER | F8: =AVERAGE(_xlfn.XLOOKUP($B8,'AC and RGM only'!$K$1:$K$150,'AC and RGM only'!$N$1:$T$150)) -> 0.31285714 | G8: {=_xlfn.XLOOKUP($B8,VALUE('STOCK ON HAND'!$E$1:$E$150),'STOCK ON HAND'!$H$1:$H$150,0)/D8} -> 0.94 | H8: =IF($F8=0,0,($G8*1/$F8)) -> 3.0045662 | I8: =SUMIFS('STOCK ON ORDER'!$L$1:$L$200,'STOCK ON ORDER'!$H$1:$H$200,$L8) -> 1 | J8: =IF($G$32="MONDAY",E23, IF($G$32="TUESDAY",E29, IF($G$32="WEDNESDAY",H23, IF($G$32="THURSDAY",H29, IF($G$32="SATURDAY",K23, IF($G$32="SUNDAY",K29,0)))))) -> 2.19 | K8: =IF(,0,IFERROR(MAX(0,J8-G8-I8),0)) -> 0.25 | L8: CHOPC
A9: =IFERROR(VLOOKUP($B9,'AC and RGM only'!$K$2:$L$250,2,FALSE),"") -> TOMATO DICED | B9: 15112 | D9: 4 | E9: TOMATO | F9: =AVERAGE(_xlfn.XLOOKUP($B9,'AC and RGM only'!$K$1:$K$150,'AC and RGM only'!$N$1:$T$150)) -> 1.2014286 | G9: {=_xlfn.XLOOKUP($B9,VALUE('STOCK ON HAND'!$E$1:$E$150),'STOCK ON HAND'!$H$1:$H$150,0)/D9} -> 4.0275 | H9: =IF($F9=0,0,($G9*1/$F9)) -> 3.3522592 | I9: =SUMIFS('STOCK ON ORDER'!$L$1:$L$200,'STOCK ON ORDER'!$H$1:$H$200,$L9) -> 4 | J9: =IF($G$32="MONDAY",E24, IF($G$32="TUESDAY",E30, IF($G$32="WEDNESDAY",H24, IF($G$32="THURSDAY",H30, IF($G$32="SATURDAY",K24, IF($G$32="SUNDAY",K30,0)))))) -> 9 | K9: =IF(,0,IFERROR(MAX(0,J9-G9-I9),0)) -> 0.9725 | L9: DTOM4
E12: Monday | F12: Tuesday | G12: Wednesday | H12: Thursday | I12: Friday | J12: Saturday | K12: Sunday
B13: 13016 | D13: LETTUCE | E13: {=INDEX('AC and RGM only'!$N:$T, MATCH(TRUE, ISNUMBER(SEARCH($D13, 'AC and RGM only'!$L:$L)), 0), MATCH(TRUE, ISNUMBER(SEARCH(E$12, 'AC and RGM only'!$D$2:$J$2)), 0))} -> 0.56 | F13: {=INDEX('AC and RGM only'!$N:$T, MATCH(TRUE, ISNUMBER(SEARCH($D13, 'AC and RGM only'!$L:$L)), 0), MATCH(TRUE, ISNUMBER(SEARCH(F$12, 'AC and RGM only'!$D$2:$J$2)), 0))} -> 0.69 | G13: {=INDEX('AC and RGM only'!$N:$T, MATCH(TRUE, ISNUMBER(SEARCH($D13, 'AC and RGM only'!$L:$L)), 0), MATCH(TRUE, ISNUMBER(SEARCH(G$12, 'AC and RGM only'!$D$2:$J$2)), 0))} -> 0.7 | H13: {=INDEX('AC and RGM only'!$N:$T, MATCH(TRUE, ISNUMBER(SEARCH($D13, 'AC and RGM only'!$L:$L)), 0), MATCH(TRUE, ISNUMBER(SEARCH(H$12, 'AC and RGM only'!$D$2:$J$2)), 0))} -> 0.86 | I13: {=INDEX('AC and RGM only'!$N:$T, MATCH(TRUE, ISNUMBER(SEARCH($D13, 'AC and RGM only'!$L:$L)), 0), MATCH(TRUE, ISNUMBER(SEARCH(I$12, 'AC and RGM only'!$D$2:$J$2)), 0))} -> 1.33 | J13: {=INDEX('AC and RGM only'!$N:$T, MATCH(TRUE, ISNUMBER(SEARCH($D13, 'AC and RGM only'!$L:$L)), 0), MATCH(TRUE, ISNUMBER(SEARCH(J$12, 'AC and RGM only'!$D$2:$J$2)), 0))} -> 1.16 | K13: {=INDEX('AC and RGM only'!$N:$T, MATCH(TRUE, ISNUMBER(SEARCH($D13, 'AC and RGM only'!$L:$L)), 0), MATCH(TRUE, ISNUMBER(SEARCH(K$12, 'AC and RGM only'!$D$2:$J$2)), 0))} -> 1.12
B14: 15659 | D14: ONION | E14: {=INDEX('AC and RGM only'!$N:$T, MATCH(TRUE, ISNUMBER(SEARCH($D14, 'AC and RGM only'!$L:$L)), 0), MATCH(TRUE, ISNUMBER(SEARCH(E$12, 'AC and RGM only'!$D$2:$J$2)), 0))} -> 0.15 | F14: {=INDEX('AC and RGM only'!$N:$T, MATCH(TRUE, ISNUMBER(SEARCH($D14, 'AC and RGM only'!$L:$L)), 0), MATCH(TRUE, ISNUMBER(SEARCH(F$12, 'AC and RGM only'!$D$2:$J$2)), 0))} -> 0.19 | G14: {=INDEX('AC and RGM only'!$N:$T, MATCH(TRUE, ISNUMBER(SEARCH($D14, 'AC and RGM only'!$L:$L)), 0), MATCH(TRUE, ISNUMBER(SEARCH(G$12, 'AC and RGM only'!$D$2:$J$2)), 0))} -> 0.16 | H14: {=INDEX('AC and RGM only'!$N:$T, MATCH(TRUE, ISNUMBER(SEARCH($D14, 'AC and RGM only'!$L:$L)), 0), MATCH(TRUE, ISNUMBER(SEARCH(H$12, 'AC and RGM only'!$D$2:$J$2)), 0))} -> 0.24 | I14: {=INDEX('AC and RGM only'!$N:$T, MATCH(TRUE, ISNUMBER(SEARCH($D14, 'AC and RGM only'!$L:$L)), 0), MATCH(TRUE, ISNUMBER(SEARCH(I$12, 'AC and RGM only'!$D$2:$J$2)), 0))} -> 0.39 | J14: {=INDEX('AC and RGM only'!$N:$T, MATCH(TRUE, ISNUMBER(SEARCH($D14, 'AC and RGM only'!$L:$L)), 0), MATCH(TRUE, ISNUMBER(SEARCH(J$12, 'AC and RGM only'!$D$2:$J$2)), 0))} -> 0.31 | K14: {=INDEX('AC and RGM only'!$N:$T, MATCH(TRUE, ISNUMBER(SEARCH($D14, 'AC and RGM only'!$L:$L)), 0), MATCH(TRUE, ISNUMBER(SEARCH(K$12, 'AC and RGM only'!$D$2:$J$2)), 0))} -> 0.4
B15: 38670 | D15: CORIANDER | E15: {=INDEX('AC and RGM only'!$N:$T, MATCH(TRUE, ISNUMBER(SEARCH($D15, 'AC and RGM only'!$L:$L)), 0), MATCH(TRUE, ISNUMBER(SEARCH(E$12, 'AC and RGM only'!$D$2:$J$2)), 0))} -> 0.18 | F15: {=INDEX('AC and RGM only'!$N:$T, MATCH(TRUE, ISNUMBER(SEARCH($D15, 'AC and RGM only'!$L:$L)), 0), MATCH(TRUE, ISNUMBER(SEARCH(F$12, 'AC and RGM only'!$D$2:$J$2)), 0))} -> 0.23 | G15: {=INDEX('AC and RGM only'!$N:$T, MATCH(TRUE, ISNUMBER(SEARCH($D15, 'AC and RGM only'!$L:$L)), 0), MATCH(TRUE, ISNUMBER(SEARCH(G$12, 'AC and RGM only'!$D$2:$J$2)), 0))} -> 0.2 | H15: {=INDEX('AC and RGM only'!$N:$T, MATCH(TRUE, ISNUMBER(SEARCH($D15, 'AC and RGM only'!$L:$L)), 0), MATCH(TRUE, ISNUMBER(SEARCH(H$12, 'AC and RGM only'!$D$2:$J$2)), 0))} -> 0.28 | I15: {=INDEX('AC and RGM only'!$N:$T, MATCH(TRUE, ISNUMBER(SEARCH($D15, 'AC and RGM only'!$L:$L)), 0), MATCH(TRUE, ISNUMBER(SEARCH(I$12, 'AC and RGM only'!$D$2:$J$2)), 0))} -> 0.46 | J15: {=INDEX('AC and RGM only'!$N:$T, MATCH(TRUE, ISNUMBER(SEARCH($D15, 'AC and RGM only'!$L:$L)), 0), MATCH(TRUE, ISNUMBER(SEARCH(J$12, 'AC and RGM only'!$D$2:$J$2)), 0))} -> 0.37 | K15: {=INDEX('AC and RGM only'!$N:$T, MATCH(TRUE, ISNUMBER(SEARCH($D15, 'AC and RGM only'!$L:$L)), 0), MATCH(TRUE, ISNUMBER(SEARCH(K$12, 'AC and RGM only'!$D$2:$J$2)), 0))} -> 0.47
B16: 15112 | D16: TOMATO DICED | E16: {=INDEX('AC and RGM only'!$N:$T, SMALL(IF(ISNUMBER(SEARCH($D16, 'AC and RGM only'!$L:$L)), ROW('AC and RGM only'!$L:$L)), 2), MATCH(TRUE, ISNUMBER(SEARCH(E12, 'AC and RGM only'!$D$2:$J$2)), 0) )} -> 0.67 | F16: {=INDEX('AC and RGM only'!$N:$T, SMALL(IF(ISNUMBER(SEARCH($D16, 'AC and RGM only'!$L:$L)), ROW('AC and RGM only'!$L:$L)), 2), MATCH(TRUE, ISNUMBER(SEARCH(F12, 'AC and RGM only'!$D$2:$J$2)), 0) )} -> 0.91 | G16: {=INDEX('AC and RGM only'!$N:$T, SMALL(IF(ISNUMBER(SEARCH($D16, 'AC and RGM only'!$L:$L)), ROW('AC and RGM only'!$L:$L)), 2), MATCH(TRUE, ISNUMBER(SEARCH(G12, 'AC and RGM only'!$D$2:$J$2)), 0) )} -> 0.86 | H16: {=INDEX('AC and RGM only'!$N:$T, SMALL(IF(ISNUMBER(SEARCH($D16, 'AC and RGM only'!$L:$L)), ROW('AC and RGM only'!$L:$L)), 2), MATCH(TRUE, ISNUMBER(SEARCH(H12, 'AC and RGM only'!$D$2:$J$2)), 0) )} -> 1.17 | I16: {=INDEX('AC and RGM only'!$N:$T, SMALL(IF(ISNUMBER(SEARCH($D16, 'AC and RGM only'!$L:$L)), ROW('AC and RGM only'!$L:$L)), 2), MATCH(TRUE, ISNUMBER(SEARCH(I12, 'AC and RGM only'!$D$2:$J$2)), 0) )} -> 1.76 | J16: {=INDEX('AC and RGM only'!$N:$T, SMALL(IF(ISNUMBER(SEARCH($D16, 'AC and RGM only'!$L:$L)), ROW('AC and RGM only'!$L:$L)), 2), MATCH(TRUE, ISNUMBER(SEARCH(J12, 'AC and RGM only'!$D$2:$J$2)), 0) )} -> 1.48 | K16: {=INDEX('AC and RGM only'!$N:$T, SMALL(IF(ISNUMBER(SEARCH($D16, 'AC and RGM only'!$L:$L)), ROW('AC and RGM only'!$L:$L)), 2), MATCH(TRUE, ISNUMBER(SEARCH(K12, 'AC and RGM only'!$D$2:$J$2)), 0) )} -> 1.56
G18: TODAY IS: | H18: =TEXT(TODAY(), "dddd") -> Thursday
D20: MONDAY | G20: WEDNESDAY | J20: SATURDAY
D21: LETTUCE | E21: =ROUNDUP(SUM(E13:J13),0)+O6 -> 8 | G21: LETTUCE | H21: =ROUNDUP(SUM(E13:K13),0)+O6 -> 9 | J21: LETTUCE | K21: =ROUNDUP(SUM(E13:K13)-I13,0)+O6 -> 8
D22: ONION | E22: =SUM(E14:J14) -> 1.44 | G22: ONION | H22: =SUM(E14:K14) -> 1.84 | J22: ONION | K22: =SUM(E14:K14)-I14 -> 1.45
D23: CORIANDER | E23: =SUM(E15:J15) -> 1.72 | G23: CORIANDER | H23: =SUM(E15:K15) -> 2.19 | J23: CORIANDER | K23: =SUM(E15:K15)-I15 -> 1.73
D24: TOMATO | E24: =ROUNDUP(SUM(E16:J16),0) -> 7 | G24: TOMATO | H24: =ROUNDUP(SUM(E16:K16),0) -> 9 | J24: TOMATO | K24: =ROUNDUP(SUM(E16:K16)-I16,0) -> 7
D26: THUESDAY For FRIDAY | G26: THURSDAY for MONDAY | I26: SUNDAY for WEDNESDAY
D27: LETTUCE | E27: =ROUNDUP(SUM(E13:K13),0)+O6 -> 9 | G27: LETTUCE | H27: =ROUNDUP(SUM(E13:K13),0)+O6 -> 9 | I27: LETTUCE | K27: =ROUNDUP(SUM(E13:I13)+K13,0)+O6 -> 8
D28: ONION | E28: =SUM(E14:K14) -> 1.84 | G28: ONION | H28: =SUM(E14:K14) -> 1.84 | I28: ONION | K28: =SUM(E14:I14)+K14 -> 1.53
D29: CORIANDER | E29: =SUM(E15:K15) -> 2.19 | G29: CORIANDER | H29: =SUM(E15:K15) -> 2.19 | I29: CORIANDER | K29: =SUM(E15:I15)+K15 -> 1.82
D30: TOMATO | E30: =ROUNDUP(SUM(E16:K16),0) -> 9 | G30: TOMATO | H30: =ROUNDUP(SUM(E16:K16),0) -> 9 | I30: TOMATO | K30: =ROUNDUP(SUM(E16:I16)+K16,0) -> 7
G31: WHAT DAY IS TODAY:
G32: =H18 -> Thursday
G33: Can be overwritten, to set it back to automatic enter =H18
G35: MON | WED | FRI DELIVERY
H37: MON | WED | FRI DELIVERY
H38: TUE | THU | SAT DELIVERY

Sheet STOCK ON HAND
A1: TBA Market 1 | B1: TBA Area 22 | C1: 3811 | D1: 3811 Chirnside Park | E1: 100358 | F1: BOX CLAMSHELL MINI | G1: EACH | H1: 0 | I1: 0 | J1: 0
A2: TBA Market 1 | B2: TBA Area 22 | C2: 3811 | D2: 3811 Chirnside Park | E2: 100399 | F2: DRINK JUICE APPLE SPRING VALLEY | G2: EACH | H2: 19 | I2: 1.35 | J2: 25.65
A3: TBA Market 1 | B3: TBA Area 22 | C3: 3811 | D3: 3811 Chirnside Park | E3: 100400 | F3: DRINK JUICE POP TOP APPLE 250ML | G3: EACH | H3: 24 | I3: 0.64 | J3: 15.36
A4: TBA Market 1 | B4: TBA Area 22 | C4: 3811 | D4: 3811 Chirnside Park | E4: 100401 | F4: DRINK JUICE POP TOP ORANGE 250ML | G4: EACH | H4: 40 | I4: 0.64 | J4: 25.6
A5: TBA Market 1 | B5: TBA Area 22 | C5: 3811 | D5: 3811 Chirnside Park | E5: 100402 | F5: DRINK WATER SPARKLING 500ML | G5: EACH | H5: 20 | I5: 0.55 | J5: 11
A6: TBA Market 1 | B6: TBA Area 22 | C6: 3811 | D6: 3811 Chirnside Park | E6: 100403 | F6: DRINK RED BULL ED 250ML | G6: EACH | H6: 20 | I6: 1.75 | J6: 35
A7: TBA Market 1 | B7: TBA Area 22 | C7: 3811 | D7: 3811 Chirnside Park | E7: 100404 | F7: DRINK RED BULL S/FREE 250ML | G7: EACH | H7: 8 | I7: 1.75 | J7: 14
A8: TBA Market 1 | B8: TBA Area 22 | C8: 3811 | D8: 3811 Chirnside Park | E8: 100405 | F8: DRINK RED BULL TROPICAL 250ML | G8: EACH | H8: 11 | I8: 1.75 | J8: 19.25
A9: TBA Market 1 | B9: TBA Area 22 | C9: 3811 | D9: 3811 Chirnside Park | E9: 100457 | F9: SAUCE FIRE 10X1KG | G9: KG | H9: 6.11 | I9: 7.42 | J9: 45.3362
A10: TBA Market 1 | B10: TBA Area 22 | C10: 3811 | D10: 3811 Chirnside Park | E10: 106191 | F10: SAUCE CARAMEL MONIN 1.89L | G10: LITRE | H10: 7.95 | I10: 88.8 | J10: 705.96
A11: TBA Market 1 | B11: TBA Area 22 | C11: 3811 | D11: 3811 Chirnside Park | E11: 106431 | F11: 260 x 260mm Baking Paper Golden Silidor | G11: EACH | H11: 0 | I11: 0 | J11: 0
A12: TBA Market 1 | B12: TBA Area 22 | C12: 3811 | D12: 3811 Chirnside Park | E12: 106491 | F12: 4OZ PORTION CUP 50EA | G12: EACH | H12: 0 | I12: 0 | J12: 0
... A101: TBA Market 1 | B101: TBA Area 22 | C101: 3811 | D101: 3811 Chirnside Park | E101: 40303 | F101: CHICKEN CRISPY | G101: EACH | H101: 278 | I101: 0.75 | J101: 208.5
A102: Grand Total: | B102: 8638.1841
A103: TacoBellAU - Strictly Confidential

Sheet STOCK ON ORDER
A1: TBA Market 1 | B1: TBA Area 22 | C1: 3811 | D1: 3811 Chirnside Park | E1: AMERICOLD Vic | F1: 1619182 | G1: 46168.792 | H1: 100482 | I1: GLOVE NITRILE LARGE10X100 | J1: CARTON-10x100 | K1: 38 | L1: 1 | N1: 1 | O1: 0
A2: TBA Market 1 | B2: TBA Area 22 | C2: 3811 | D2: 3811 Chirnside Park | E2: AMERICOLD Vic | F2: 1619184 | G2: 46168.792 | H2: 14791 | I2: GUACAMOLE 6x1.5KG | J2: CARTON-6x1.5KG | K2: 88.07 | L2: 1 | N2: 1 | O2: 0
A3: TBA Market 1 | B3: TBA Area 22 | C3: 3811 | D3: 3811 Chirnside Park | E3: AMERICOLD Vic | F3: 1619182 | G3: 46168.792 | H3: 37870 | I3: TB SAUCE CHILLI MILD 10X1KG | J3: CARTON-10x1KG | K3: 54.1 | L3: 1 | N3: 1 | O3: 0
A4: TBA Market 1 | B4: TBA Area 22 | C4: 3811 | D4: 3811 Chirnside Park | E4: AMERICOLD Vic | F4: 1619184 | G4: 46168.792 | H4: 37891 | I4: TB TORTILLA CORN 6 INCH 12x36EA | J4: CARTON-12x36 | K4: 50.12 | L4: 5 | N4: 5 | O4: 0
A5: TBA Market 1 | B5: TBA Area 22 | C5: 3811 | D5: 3811 Chirnside Park | E5: AMERICOLD Vic | F5: 1619182 | G5: 46168.792 | H5: 37901 | I5: TB WRAP LARGE WHITE PRINTED 3000EA | J5: CARTON-3000 | K5: 104.85 | L5: 1 | N5: 1 | O5: 0
A6: TBA Market 1 | B6: TBA Area 22 | C6: 3811 | D6: 3811 Chirnside Park | E6: AMERICOLD Vic | F6: 1619183 | G6: 46168.792 | H6: 37909 | I6: TB SAUCE NACHO CHEESE 6X1.8KG | J6: CARTON-6x1.8KG | K6: 50.98 | L6: 5 | N6: 5 | O6: 0
A7: TBA Market 1 | B7: TBA Area 22 | C7: 3811 | D7: 3811 Chirnside Park | E7: AMERICOLD Vic | F7: 1619183 | G7: 46168.792 | H7: 37911 | I7: TB CHEESE CHEDD ANGEL HAIR/ S'FINE SHRED 6x2KG | J7: CARTON-6x2KG | K7: 123.46 | L7: 1 | N7: 1 | O7: 0
A8: TBA Market 1 | B8: TBA Area 22 | C8: 3811 | D8: 3811 Chirnside Park | E8: AMERICOLD Vic | F8: 1619182 | G8: 46168.792 | H8: 37915A | I8: RICE LONG GRAIN WHITE 10KG | J8: BAG-10KG | K8: 17.5 | L8: 2 | N8: 2 | O8: 0
A9: TBA Market 1 | B9: TBA Area 22 | C9: 3811 | D9: 3811 Chirnside Park | E9: AMERICOLD Vic | F9: 1619184 | G9: 46168.792 | H9: 37923 | I9: TB TORTILLA FLOUR 10.25INCH 12x12EA | J9: CARTON-12x12 | K9: 39.5 | L9: 6 | N9: 6 | O9: 0
A10: TBA Market 1 | B10: TBA Area 22 | C10: 3811 | D10: 3811 Chirnside Park | E10: AMERICOLD Vic | F10: 1619184 | G10: 46168.792 | H10: 37925 | I10: TB TORTILLA FLOUR 12INCH 12x12EA | J10: CARTON-12x12 | K10: 54.18 | L10: 8 | N10: 8 | O10: 0
A11: TBA Market 1 | B11: TBA Area 22 | C11: 3811 | D11: 3811 Chirnside Park | E11: AMERICOLD Vic | F11: 1619184 | G11: 46168.792 | H11: 37927 | I11: TB TORTILLA FLOUR 6.5INCH 24x12EA | J11: CARTON-24x12 | K11: 41.56 | L11: 2 | N11: 2 | O11: 0
A12: TBA Market 1 | B12: TBA Area 22 | C12: 3811 | D12: 3811 Chirnside Park | E12: AMERICOLD Vic | F12: 1619182 | G12: 46168.792 | H12: 37989 | I12: TB BAG TAKEAWAY BROWN MEDIUM 1000EA | J12: CARTON-1000 | K12: 49.33 | L12: 1 | N12: 1 | O12: 0
A13: TBA Market 1 | B13: TBA Area 22 | C13: 3811 | D13: 3811 Chirnside Park | E13: AMERICOLD Vic | F13: 1619182 | G13: 46168.792 | H13: 37991 | I13: TB BAG TAKEAWAY BROWN LARGE 250EA | J13: CARTON-250 | K13: 39.14 | L13: 1 | N13: 1 | O13: 0
A14: TBA Market 1 | B14: TBA Area 22 | C14: 3811 | D14: 3811 Chirnside Park | E14: AMERICOLD Vic | F14: 1619182 | G14: 46168.792 | H14: 38050 | I14: NAPKINS BROWN RECYCLE | J14: CARTON-12x500 | K14: 48.78 | L14: 1 | N14: 1 | O14: 0
A15: TBA Market 1 | B15: TBA Area 22 | C15: 3811 | D15: 3811 Chirnside Park | E15: AMERICOLD Vic | F15: 1619182 | G15: 46168.792 | H15: 38076 | I15: TOWEL PAPER HAND TORK WHITE 6 ROLLS | J15: CARTON-6 | K15: 73.73 | L15: 1 | N15: 1 | O15: 0
A16: TBA Market 1 | B16: TBA Area 22 | C16: 3811 | D16: 3811 Chirnside Park | E16: AMERICOLD Vic | F16: 1619184 | G16: 46168.792 | H16: 38246A | I16: BEANS BLACK COOKED TB 12 x 1KG | J16: CARTON-12x1KG | K16: 63.72 | L16: 5 | N16: 5 | O16: 0
A17: TBA Market 1 | B17: TBA Area 22 | C17: 3811 | D17: 3811 Chirnside Park | E17: AMERICOLD Vic | F17: 1619183 | G17: 46168.792 | H17: 38414 | I17: TB SAUCE ZESTY RANCH 15X1KG | J17: CARTON-15x1KG | K17: 102.9 | L17: 2 | N17: 2 | O17: 0
A18: TBA Market 1 | B18: TBA Area 22 | C18: 3811 | D18: 3811 Chirnside Park | E18: AMERICOLD Vic | F18: 1619183 | G18: 46168.792 | H18: 38493 | I18: TB SAUCE CHIPOTLE MAYO 15X1KG | J18: CARTON-15x1KG | K18: 108.45 | L18: 1 | N18: 1 | O18: 0
A19: TBA Market 1 | B19: TBA Area 22 | C19: 3811 | D19: 3811 Chirnside Park | E19: AMERICOLD Vic | F19: 1619182 | G19: 46168.792 | H19: 38542 | I19: BIN LINER 240L H/DUTY 8X25 EA | J19: CARTON-8x25 | K19: 77.72 | L19: 1 | N19: 1 | O19: 0
A20: TBA Market 1 | B20: TBA Area 22 | C20: 3811 | D20: 3811 Chirnside Park | E20: AMERICOLD Vic | F20: 1619184 | G20: 46168.792 | H20: 38620 | I20: TB FLATBREAD 12X12EA | J20: CARTON-24X6 | K20: 53.08 | L20: 5 | N20: 5 | O20: 0
A21: TBA Market 1 | B21: TBA Area 22 | C21: 3811 | D21: 3811 Chirnside Park | E21: AMERICOLD Vic | F21: 1619182 | G21: 46168.792 | H21: 38890 | I21: TB CUP POSTMIX REGULAR 1000EA NEW | J21: CARTON-1000 | K21: 73.32 | L21: 1 | N21: 1 | O21: 0
A22: TBA Market 1 | B22: TBA Area 22 | C22: 3811 | D22: 3811 Chirnside Park | E22: AMERICOLD Vic | F22: 1619182 | G22: 46168.792 | H22: 38892 | I22: TB BIG BELL BOX 250EA | J22: CARTON-250 | K22: 54.05 | L22: 3 | N22: 3 | O22: 0
A23: TBA Market 1 | B23: TBA Area 22 | C23: 3811 | D23: 3811 Chirnside Park | E23: AMERICOLD Vic | F23: 1619184 | G23: 46168.792 | H23: 39009 | I23: TB CHIP NACHO 4.5KG | J23: CARTON-4.5KG | K23: 28.56 | L23: 5 | N23: 5 | O23: 0
A24: TBA Market 1 | B24: TBA Area 22 | C24: 3811 | D24: 3811 Chirnside Park | E24: AMERICOLD Vic | F24: 1619184 | G24: 46168.792 | H24: 39520 | I24: TB MEAT BEEF COOKED 8X1.85KG | J24: CARTON-8x1.85KG | K24: 173.16 | L24: 10 | N24: 10 | O24: 0
A25: TBA Market 1 | B25: TBA Area 22 | C25: 3811 | D25: 3811 Chirnside Park | E25: AMERICOLD Vic | F25: 1619182 | G25: 46168.792 | H25: 39744 | I25: TB DIPPING CUP 60ML 1000EA | J25: CARTON-1000 | K25: 46.15 | L25: 1 | N25: 1 | O25: 0
A26: TBA Market 1 | B26: TBA Area 22 | C26: 3811 | D26: 3811 Chirnside Park | E26: AMERICOLD Vic | F26: 1619184 | G26: 46168.792 | H26: 39867A | I26: TB MEAT CHICKEN COOKED 10X600GM | J26: CARTON-10X600GM | K26: 81.07 | L26: 10 | N26: 10 | O26: 0
A27: TBA Market 1 | B27: TBA Area 22 | C27: 3811 | D27: 3811 Chirnside Park | E27: AMERICOLD Vic | F27: 1619182 | G27: 46168.792 | H27: 39942 | I27: TB BAG CRUNCHWRAP 2000EA | J27: CARTON-2000 | K27: 65.79 | L27: 1 | N27: 1 | O27: 0
A28: TBA Market 1 | B28: TBA Area 22 | C28: 3811 | D28: 3811 Chirnside Park | E28: AMERICOLD Vic | F28: 1619182 | G28: 46168.792 | H28: 39943A | I28: TB BAG CHIP REGULAR 3000EA | J28: CARTON-3000 | K28: 27.22 | L28: 1 | N28: 1 | O28: 0
A29: TBA Market 1 | B29: TBA Area 22 | C29: 3811 | D29: 3811 Chirnside Park | E29: AMERICOLD Vic | F29: 1619182 | G29: 46168.792 | H29: 40014 | I29: TB BOX CANTINA 200EA | J29: CARTON-200 | K29: 35.41 | L29: 1 | N29: 1 | O29: 0
A30: TBA Market 1 | B30: TBA Area 22 | C30: 3811 | D30: 3811 Chirnside Park | E30: AMERICOLD Vic | F30: 1619184 | G30: 46168.792 | H30: 40109 | I30: FRIES SURECRISP 6X2KG | J30: CARTON-6x2KG | K30: 37.2 | L30: 28 | N30: 28 | O30: 0
A31: TBA Market 1 | B31: TBA Area 22 | C31: 3811 | D31: 3811 Chirnside Park | E31: AMERICOLD Vic | F31: 1619183 | G31: 46168.792 | H31: 40266 | I31: TB CHEESE 4 BLEND 6X2KG | J31: CARTON-6x2KG | K31: 144.44 | L31: 3 | N31: 3 | O31: 0
A32: TBA Market 1 | B32: TBA Area 22 | C32: 3811 | D32: 3811 Chirnside Park | E32: AMERICOLD Vic | F32: 1619184 | G32: 46168.792 | H32: 40303 | I32: TB CHICKEN CRISPY 6X41EA | J32: CARTON-6x41 | K32: 185.5 | L32: 2 | N32: 2 | O32: 0
A33: TBA Market 1 | B33: TBA Area 22 | C33: 3811 | D33: 3811 Chirnside Park | E33: AMERICOLD Vic | F33: 1619182 | G33: 46168.792 | H33: 504372 | I33: WIPING CLOTH BLUE 350EA | J33: CARTON-350 | K33: 23.22 | L33: 1 | N33: 1 | O33: 0
A34: TBA Market 1 | B34: TBA Area 22 | C34: 3811 | D34: 3811 Chirnside Park | E34: AMERICOLD Vic | F34: 1619183 | G34: 46168.792 | H34: 507825 | I34: OIL FRYING LIQUID 15KG | J34: CARTON-15KG | K34: 39.51 | L34: 1 | N34: 1 | O34: 0
A35: TBA Market 1 | B35: TBA Area 22 | C35: 3811 | D35: 3811 Chirnside Park | E35: AMERICOLD Vic | F35: 1619234 | G35: 46168.967 | H35: 507825 | I35: OIL FRYING LIQUID 15KG | J35: CARTON-15KG | K35: 39.51 | L35: 8 | N35: 8 | O35: 0
A36: TBA Market 1 | B36: TBA Area 22 | C36: 3811 | D36: 3811 Chirnside Park | E36: AMERICOLD Vic | F36: 1619182 | G36: 46168.792 | H36: 507876 | I36: CUP 590ML FCB 1000PK | J36: CARTON-1000 | K36: 74.64 | L36: 1 | N36: 1 | O36: 0
A37: TBA Market 1 | B37: TBA Area 22 | C37: 3811 | D37: 3811 Chirnside Park | E37: Cut Fresh NSW | F37: 1619186 | G37: 46168.792 | H37: CHOPC | I37: TB SALAD CORIANDER CHOPPED 1X500GM | J37: BAG-500GM | K37: 39.19 | L37: 1 | N37: 1 | O37: 0
A38: TBA Market 1 | B38: TBA Area 22 | C38: 3811 | D38: 3811 Chirnside Park | E38: Cut Fresh NSW | F38: 1619186 | G38: 46168.792 | H38: DO4 | I38: ONION BROWN DICED 4x1KG | J38: CARTON-4x1KG | K38: 35.03 | L38: 1 | N38: 1 | O38: 0
A39: TBA Market 1 | B39: TBA Area 22 | C39: 3811 | D39: 3811 Chirnside Park | E39: Cut Fresh NSW | F39: 1619186 | G39: 46168.792 | H39: DTOM4 | I39: TOMATO DICED 4x1KG | J39: CARTON-4x1KG | K39: 40.71 | L39: 4 | N39: 4 | O39: 0
A40: TBA Market 1 | B40: TBA Area 22 | C40: 3811 | D40: 3811 Chirnside Park | E40: Cut Fresh NSW | F40: 1619186 | G40: 46168.792 | H40: SLETT | I40: LETTUCE SHREDDED 4x2KG | J40: CARTON-4x2KG | K40: 36.19 | L40: 4 | N40: 4 | O40: 0
A41: TBA Market 1 | B41: TBA Area 22 | C41: 3811 | D41: 3811 Chirnside Park | E41: SCHWEPPES VIC | F41: 1619185 | G41: 46168.792 | H41: 10004423 | I41: DRINK PEPSI MAX CAN 30EA | J41: CARTON-30 | K41: 15.53 | L41: 1 | N41: 1 | O41: 0
A42: TBA Market 1 | B42: TBA Area 22 | C42: 3811 | D42: 3811 Chirnside Park | E42: SCHWEPPES VIC | F42: 1619185 | G42: 46168.792 | H42: 10005385 | I42: DRINK MOUNTAIN DEW BIB 15L | J42: CARTON-15L | K42: 35.28 | L42: 1 | N42: 1 | O42: 0
A43: TBA Market 1 | B43: TBA Area 22 | C43: 3811 | D43: 3811 Chirnside Park | E43: SCHWEPPES VIC | F43: 1619185 | G43: 46168.792 | H43: 10006282 | I43: DRINK WATER 600ML PET 24EA | J43: CARTON-24 | K43: 11.81 | L43: 1 | N43: 1 | O43: 0
A44: TBA Market 1 | B44: TBA Area 22 | C44: 3811 | D44: 3811 Chirnside Park | E44: SCHWEPPES VIC | F44: 1619185 | G44: 46168.792 | H44: 10006573 | I44: DRINK SUNKIST ORANGE CAN 30EA | J44: CARTON-30 | K44: 15.53 | L44: 1 | N44: 1 | O44: 0
A45: TBA Market 1 | B45: TBA Area 22 | C45: 3811 | D45: 3811 Chirnside Park | E45: SCHWEPPES VIC | F45: 1619185 | G45: 46168.792 | H45: 10006826 | I45: DRINK LIPTON ICE TEA PEACH 24X500ML | J45: CARTON-24 | K45: 26.34 | L45: 1 | N45: 1 | O45: 0
A46: TBA Market 1 | B46: TBA Area 22 | C46: 3811 | D46: 3811 Chirnside Park | E46: SCHWEPPES VIC | F46: 1619185 | G46: 46168.792 | H46: 10006909 | I46: DRINK RED BULL ED 24X250ML | J46: CARTON-24 | K46: 42 | L46: 1 | N46: 1 | O46: 0
A47: TBA Market 1 | B47: TBA Area 22 | C47: 3811 | D47: 3811 Chirnside Park | E47: SCHWEPPES VIC | F47: 1619185 | G47: 46168.792 | H47: 10006936 | I47: DRINK RED BULL S/FREE 24X250ML | J47: CARTON-24 | K47: 42 | L47: 1 | N47: 1 | O47: 0
A48: TBA Market 1 | B48: TBA Area 22 | C48: 3811 | D48: 3811 Chirnside Park | E48: SCHWEPPES VIC | F48: 1619185 | G48: 46168.792 | H48: 10007576 | I48: DRINK 7UP CAN 30EA | J48: CARTON-30 | K48: 15.53 | L48: 1 | N48: 1 | O48: 0
A49: TBA Market 1 | B49: TBA Area 22 | C49: 3811 | D49: 3811 Chirnside Park | E49: SCHWEPPES VIC | F49: 1619185 | G49: 46168.792 | H49: 3226 | I49: DRINK PEPSI MAX 600ML PET 24EA | J49: CARTON-24 | K49: 13.81 | L49: 1 | N49: 1 | O49: 0
A50: TBA Market 1 | B50: TBA Area 22 | C50: 3811 | D50: 3811 Chirnside Park | E50: SCHWEPPES VIC | F50: 1619185 | G50: 46168.792 | H50: 3478 | I50: DRINK PEPSI MAX BIB 10L | J50: CARTON-10L | K50: 23.52 | L50: 1 | N50: 1 | O50: 0
A51: TBA Market 1 | B51: TBA Area 22 | C51: 3811 | D51: 3811 Chirnside Park | E51: SCHWEPPES VIC | F51: 1619185 | G51: 46168.792 | H51: 3939 | I51: DRINK 7UP BIB 15L | J51: CARTON-15L | K51: 35.28 | L51: 1 | N51: 1 | O51: 0
A52: TBA Market 1 | B52: TBA Area 22 | C52: 3811 | D52: 3811 Chirnside Park | E52: SCHWEPPES VIC | F52: 1619185 | G52: 46168.792 | H52: 4095 | I52: DRINK FCB FREEZE PEPSI 10L | J52: CARTON-10L | K52: 43.04 | L52: 1 | N52: 1 | O52: 0
A53: Grand Total: | B53: 150 | D53: 150 | E53: 0 | F53: TacoBellAU - Strictly Confidential

Sheet AC and RGM only
A1: Textbox2 | B1: Textbox7 | C1: Textbox1 | D1: Textbox5 | E1: Textbox3 | F1: Textbox8 | G1: Textbox9 | H1: Textbox10 | I1: Textbox11 | J1: Textbox12 | K1: ItemCode | L1: Description | M1: Unit | N1: Day1 | O1: Day2 | P1: Day3 | Q1: Day4 | R1: Day5 | S1: Day6 | T1: Day7
A2: Item Code | B2: Item | C2: Unit | D2: Thursday 14-May-26 | E2: Friday 15-May-26 | F2: Saturday 16-May-26 | G2: Sunday 17-May-26 | H2: Monday 18-May-26 | I2: Tuesday 19-May-26 | J2: Wednesday 20-May-26 | K2: 37995 | L2: BAG CHIPS LARGE | M2: CARTON-3000 | N2: 0.03 | O2: 0.05 | P2: 0.04 | Q2: 0.04 | R2: 0.02 | S2: 0.03 | T2: 0.02
A3: Item Code | B3: Item | C3: Unit | D3: Thursday 14-May-26 | E3: Friday 15-May-26 | F3: Saturday 16-May-26 | G3: Sunday 17-May-26 | H3: Monday 18-May-26 | I3: Tuesday 19-May-26 | J3: Wednesday 20-May-26 | K3: 37993 | L3: BAG CHIPS REGULAR | M3: CARTON-3000 | N3: 0.05 | O3: 0.07 | P3: 0.06 | Q3: 0.06 | R3: 0.03 | S3: 0.03 | T3: 0.04
A4: Item Code | B4: Item | C4: Unit | D4: Thursday 14-May-26 | E4: Friday 15-May-26 | F4: Saturday 16-May-26 | G4: Sunday 17-May-26 | H4: Monday 18-May-26 | I4: Tuesday 19-May-26 | J4: Wednesday 20-May-26 | K4: 37893 | L4: BAG CRUNCHWRAP | M4: CARTON-2000 | N4: 0.05 | O4: 0.09 | P4: 0.08 | Q4: 0.07 | R4: 0.04 | S4: 0.04 | T4: 0.04
A5: Item Code | B5: Item | C5: Unit | D5: Thursday 14-May-26 | E5: Friday 15-May-26 | F5: Saturday 16-May-26 | G5: Sunday 17-May-26 | H5: Monday 18-May-26 | I5: Tuesday 19-May-26 | J5: Wednesday 20-May-26 | K5: 37997 | L5: BAG NACHO CHIPS LARGE | M5: CARTON-500 | N5: 0.05 | O5: 0.06 | P5: 0.08 | Q5: 0.08 | R5: 0.02 | S5: 0.03 | T5: 0.05
A6: Item Code | B6: Item | C6: Unit | D6: Thursday 14-May-26 | E6: Friday 15-May-26 | F6: Saturday 16-May-26 | G6: Sunday 17-May-26 | H6: Monday 18-May-26 | I6: Tuesday 19-May-26 | J6: Wednesday 20-May-26 | K6: 37991 | L6: BAG TAKEAWAY BROWN LARGE 2 | M6: CARTON-250 | N6: 0.2 | O6: 0.3 | P6: 0.24 | Q6: 0.25 | R6: 0.12 | S6: 0.14 | T6: 0.16
A7: Item Code | B7: Item | C7: Unit | D7: Thursday 14-May-26 | E7: Friday 15-May-26 | F7: Saturday 16-May-26 | G7: Sunday 17-May-26 | H7: Monday 18-May-26 | I7: Tuesday 19-May-26 | J7: Wednesday 20-May-26 | K7: 37989 | L7: BAG TAKEAWAY BROWN MEDIUM | M7: CARTON-1000 | N7: 0.22 | O7: 0.34 | P7: 0.27 | Q7: 0.28 | R7: 0.13 | S7: 0.16 | T7: 0.18
A8: Item Code | B8: Item | C8: Unit | D8: Thursday 14-May-26 | E8: Friday 15-May-26 | F8: Saturday 16-May-26 | G8: Sunday 17-May-26 | H8: Monday 18-May-26 | I8: Tuesday 19-May-26 | J8: Wednesday 20-May-26 | K8: 37987 | L8: BAG TAKEAWAY BROWN SMALL | M8: CARTON-1000 | N8: 0.06 | O8: 0.09 | P8: 0.07 | Q8: 0.07 | R8: 0.03 | S8: 0.04 | T8: 0.05
A9: Item Code | B9: Item | C9: Unit | D9: Thursday 14-May-26 | E9: Friday 15-May-26 | F9: Saturday 16-May-26 | G9: Sunday 17-May-26 | H9: Monday 18-May-26 | I9: Tuesday 19-May-26 | J9: Wednesday 20-May-26 | K9: 37862 | L9: BEANS BLACK COOKED | M9: CARTON-12x1KG | N9: 0.57 | O9: 0.88 | P9: 0.68 | Q9: 0.86 | R9: 0.41 | S9: 0.44 | T9: 0.38
A10: Item Code | B10: Item | C10: Unit | D10: Thursday 14-May-26 | E10: Friday 15-May-26 | F10: Saturday 16-May-26 | G10: Sunday 17-May-26 | H10: Monday 18-May-26 | I10: Tuesday 19-May-26 | J10: Wednesday 20-May-26 | K10: 38892 | L10: BIG BELL BOX 2 | M10: CARTON-250 | N10: 0.16 | O10: 0.22 | P10: 0.26 | Q10: 0.25 | R10: 0.11 | S10: 0.14 | T10: 0.14
A11: Item Code | B11: Item | C11: Unit | D11: Thursday 14-May-26 | E11: Friday 15-May-26 | F11: Saturday 16-May-26 | G11: Sunday 17-May-26 | H11: Monday 18-May-26 | I11: Tuesday 19-May-26 | J11: Wednesday 20-May-26 | K11: 37872 | L11: CANTINA BROWN BOX | M11: CARTON-200 | N11: 0.17 | O11: 0.26 | P11: 0.28 | Q11: 0.25 | R11: 0.12 | S11: 0.15 | T11: 0.09
A12: Item Code | B12: Item | C12: Unit | D12: Thursday 14-May-26 | E12: Friday 15-May-26 | F12: Saturday 16-May-26 | G12: Sunday 17-May-26 | H12: Monday 18-May-26 | I12: Tuesday 19-May-26 | J12: Wednesday 20-May-26 | K12: 37876 | L12: CHEESE BLEND MOZZ/CHEDD (PIZZA) SHRED | M12: CARTON-6x2KG | N12: 0.36 | O12: 0.58 | P12: 0.45 | Q12: 0.53 | R12: 0.26 | S12: 0.3 | T12: 0.32
A13: Item Code | B13: Item | C13: Unit | D13: Thursday 14-May-26 | E13: Friday 15-May-26 | F13: Saturday 16-May-26 | G13: Sunday 17-May-26 | H13: Monday 18-May-26 | I13: Tuesday 19-May-26 | J13: Wednesday 20-May-26 | K13: 37911 | L13: CHEESE CHEDD ANGEL HAIR/ S'FINE SHRED | M13: CARTON-6x2KG | N13: 0.21 | O13: 0.29 | P13: 0.26 | Q13: 0.24 | R13: 0.12 | S13: 0.14 | T13: 0.16
... A99: Item Code | B99: Item | C99: Unit | D99: Thursday 14-May-26 | E99: Friday 15-May-26 | F99: Saturday 16-May-26 | G99: Sunday 17-May-26 | H99: Monday 18-May-26 | I99: Tuesday 19-May-26 | J99: Wednesday 20-May-26 | K99: 37999 | L99: WRAP WASTE WHITE UNPRINTED | M99: CARTON-5x1000 | N99: 0.1 | O99: 0.15 | P99: 0.12 | Q99: 0.13 | R99: 0.06 | S99: 0.07 | T99: 0.08
